Workbook

Sheet 算工作數
A1: 不算入六日，加班時數只算到19:30
A3: 員工 | B3: 每月 | C3: 工作天數 | D3: 工作總時數 | Z3: 員工來源(隱藏)
A4: =IF(Z4="","",IF(ISNUMBER(SEARCH("員工代號:",Z4)),"員工代號:","")&LEFT(LEFT(TRIM(SUBSTITUTE(Z4,"員工代號:","")),FIND(" ",TRIM(SUBSTITUTE(Z4,"員工代號:","")))-1),2)&REPT("*",MAX(1,LEN(LEFT(TRIM(SUBSTITUTE(Z4,"員工代號:","")),FIND(" ",TRIM(SUBSTITUTE(Z4,"員工代號:","")))-1))-4))&RIGHT(LEFT(TRIM(SUBSTITUTE(Z4,"員工代號:","")),FIND(" ",TRIM(SUBSTITUTE(Z4,"員工代號:","")))-1),2)&" "&IF(LEN(MID(TRIM(SUBSTITUTE(Z4,"員工代號:","")),FIND(" ",TRIM(SUBSTITUTE(Z4,"員工代號:","")))+1,255))<=1,"*",IF(LEN(MID(TRIM(SUBSTITUTE(Z4,"員工代號:","")),FIND(" ",TRIM(SUBSTITUTE(Z4,"員工代號:","")))+1,255))=2,LEFT(MID(TRIM(SUBSTITUTE(Z4,"員工代號:","")),FIND(" ",TRIM(SUBSTITUTE(Z4,"員工代號:","")))+1,255),1)&"*",LEFT(MID(TRIM(SUBSTITUTE(Z4,"員工代號:","")),FIND(" ",TRIM(SUBSTITUTE(Z4,"員工代號:","")))+1,255),1)&REPT("*",LEN(MID(TRIM(SUBSTITUTE(Z4,"員工代號:","")),FIND(" ",TRIM(SUBSTITUTE(Z4,"員工代號:","")))+1,255))-2)&RIGHT(MID(TRIM(SUBSTITUTE(Z4,"員工代號:","")),FIND(" ",TRIM(SUBSTITUTE(Z4,"員工代號:","")))+1,255),1)))) | B4: 2026-06 | C4: =COUNTIFS(計算明細!$B:$B,$A4,計算明細!$L:$L,$B4,計算明細!$K:$K,1) | D4: =TEXT(SUMIFS(計算明細!$J:$J,計算明細!$B:$B,$A4,計算明細!$L:$L,$B4),"[h]:mm") | Z4: 員工代號:97668 郭靖
A5: =IF(Z5="","",IF(ISNUMBER(SEARCH("員工代號:",Z5)),"員工代號:","")&LEFT(LEFT(TRIM(SUBSTITUTE(Z5,"員工代號:","")),FIND(" ",TRIM(SUBSTITUTE(Z5,"員工代號:","")))-1),2)&REPT("*",MAX(1,LEN(LEFT(TRIM(SUBSTITUTE(Z5,"員工代號:","")),FIND(" ",TRIM(SUBSTITUTE(Z5,"員工代號:","")))-1))-4))&RIGHT(LEFT(TRIM(SUBSTITUTE(Z5,"員工代號:","")),FIND(" ",TRIM(SUBSTITUTE(Z5,"員工代號:","")))-1),2)&" "&IF(LEN(MID(TRIM(SUBSTITUTE(Z5,"員工代號:","")),FIND(" ",TRIM(SUBSTITUTE(Z5,"員工代號:","")))+1,255))<=1,"*",IF(LEN(MID(TRIM(SUBSTITUTE(Z5,"員工代號:","")),FIND(" ",TRIM(SUBSTITUTE(Z5,"員工代號:","")))+1,255))=2,LEFT(MID(TRIM(SUBSTITUTE(Z5,"員工代號:","")),FIND(" ",TRIM(SUBSTITUTE(Z5,"員工代號:","")))+1,255),1)&"*",LEFT(MID(TRIM(SUBSTITUTE(Z5,"員工代號:","")),FIND(" ",TRIM(SUBSTITUTE(Z5,"員工代號:","")))+1,255),1)&REPT("*",LEN(MID(TRIM(SUBSTITUTE(Z5,"員工代號:","")),FIND(" ",TRIM(SUBSTITUTE(Z5,"員工代號:","")))+1,255))-2)&RIGHT(MID(TRIM(SUBSTITUTE(Z5,"員工代號:","")),FIND(" ",TRIM(SUBSTITUTE(Z5,"員工代號:","")))+1,255),1)))) | B5: 2026-06 | C5: =COUNTIFS(計算明細!$B:$B,$A5,計算明細!$L:$L,$B5,計算明細!$K:$K,1) | D5: =TEXT(SUMIFS(計算明細!$J:$J,計算明細!$B:$B,$A5,計算明細!$L:$L,$B5),"[h]:mm") | Z5: 員工代號:85479 黃蓉
A6: =IF(Z6="","",IF(ISNUMBER(SEARCH("員工代號:",Z6)),"員工代號:","")&LEFT(LEFT(TRIM(SUBSTITUTE(Z6,"員工代號:","")),FIND(" ",TRIM(SUBSTITUTE(Z6,"員工代號:","")))-1),2)&REPT("*",MAX(1,LEN(LEFT(TRIM(SUBSTITUTE(Z6,"員工代號:","")),FIND(" ",TRIM(SUBSTITUTE(Z6,"員工代號:","")))-1))-4))&RIGHT(LEFT(TRIM(SUBSTITUTE(Z6,"員工代號:","")),FIND(" ",TRIM(SUBSTITUTE(Z6,"員工代號:","")))-1),2)&" "&IF(LEN(MID(TRIM(SUBSTITUTE(Z6,"員工代號:","")),FIND(" ",TRIM(SUBSTITUTE(Z6,"員工代號:","")))+1,255))<=1,"*",IF(LEN(MID(TRIM(SUBSTITUTE(Z6,"員工代號:","")),FIND(" ",TRIM(SUBSTITUTE(Z6,"員工代號:","")))+1,255))=2,LEFT(MID(TRIM(SUBSTITUTE(Z6,"員工代號:","")),FIND(" ",TRIM(SUBSTITUTE(Z6,"員工代號:","")))+1,255),1)&"*",LEFT(MID(TRIM(SUBSTITUTE(Z6,"員工代號:","")),FIND(" ",TRIM(SUBSTITUTE(Z6,"員工代號:","")))+1,255),1)&REPT("*",LEN(MID(TRIM(SUBSTITUTE(Z6,"員工代號:","")),FIND(" ",TRIM(SUBSTITUTE(Z6,"員工代號:","")))+1,255))-2)&RIGHT(MID(TRIM(SUBSTITUTE(Z6,"員工代號:","")),FIND(" ",TRIM(SUBSTITUTE(Z6,"員工代號:","")))+1,255),1)))) | B6: 2026-06 | C6: =COUNTIFS(計算明細!$B:$B,$A6,計算明細!$L:$L,$B6,計算明細!$K:$K,1) | D6: =TEXT(SUMIFS(計算明細!$J:$J,計算明細!$B:$B,$A6,計算明細!$L:$L,$B6),"[h]:mm") | Z6: 員工代號:96638 楊過
A7: =IF(Z7="","",IF(ISNUMBER(SEARCH("員工代號:",Z7)),"員工代號:","")&LEFT(LEFT(TRIM(SUBSTITUTE(Z7,"員工代號:","")),FIND(" ",TRIM(SUBSTITUTE(Z7,"員工代號:","")))-1),2)&REPT("*",MAX(1,LEN(LEFT(TRIM(SUBSTITUTE(Z7,"員工代號:","")),FIND(" ",TRIM(SUBSTITUTE(Z7,"員工代號:","")))-1))-4))&RIGHT(LEFT(TRIM(SUBSTITUTE(Z7,"員工代號:","")),FIND(" ",TRIM(SUBSTITUTE(Z7,"員工代號:","")))-1),2)&" "&IF(LEN(MID(TRIM(SUBSTITUTE(Z7,"員工代號:","")),FIND(" ",TRIM(SUBSTITUTE(Z7,"員工代號:","")))+1,255))<=1,"*",IF(LEN(MID(TRIM(SUBSTITUTE(Z7,"員工代號:","")),FIND(" ",TRIM(SUBSTITUTE(Z7,"員工代號:","")))+1,255))=2,LEFT(MID(TRIM(SUBSTITUTE(Z7,"員工代號:","")),FIND(" ",TRIM(SUBSTITUTE(Z7,"員工代號:","")))+1,255),1)&"*",LEFT(MID(TRIM(SUBSTITUTE(Z7,"員工代號:","")),FIND(" ",TRIM(SUBSTITUTE(Z7,"員工代號:","")))+1,255),1)&REPT("*",LEN(MID(TRIM(SUBSTITUTE(Z7,"員工代號:","")),FIND(" ",TRIM(SUBSTITUTE(Z7,"員工代號:","")))+1,255))-2)&RIGHT(MID(TRIM(SUBSTITUTE(Z7,"員工代號:","")),FIND(" ",TRIM(SUBSTITUTE(Z7,"員工代號:","")))+1,255),1)))) | B7: 2026-06 | C7: =COUNTIFS(計算明細!$B:$B,$A7,計算明細!$L:$L,$B7,計算明細!$K:$K,1) | D7: =TEXT(SUMIFS(計算明細!$J:$J,計算明細!$B:$B,$A7,計算明細!$L:$L,$B7),"[h]:mm") | Z7: 員工代號:87942 小龍女
A8: =IF(Z8="","",IF(ISNUMBER(SEARCH("員工代號:",Z8)),"員工代號:","")&LEFT(LEFT(TRIM(SUBSTITUTE(Z8,"員工代號:","")),FIND(" ",TRIM(SUBSTITUTE(Z8,"員工代號:","")))-1),2)&REPT("*",MAX(1,LEN(LEFT(TRIM(SUBSTITUTE(Z8,"員工代號:","")),FIND(" ",TRIM(SUBSTITUTE(Z8,"員工代號:","")))-1))-4))&RIGHT(LEFT(TRIM(SUBSTITUTE(Z8,"員工代號:","")),FIND(" ",TRIM(SUBSTITUTE(Z8,"員工代號:","")))-1),2)&" "&IF(LEN(MID(TRIM(SUBSTITUTE(Z8,"員工代號:","")),FIND(" ",TRIM(SUBSTITUTE(Z8,"員工代號:","")))+1,255))<=1,"*",IF(LEN(MID(TRIM(SUBSTITUTE(Z8,"員工代號:","")),FIND(" ",TRIM(SUBSTITUTE(Z8,"員工代號:","")))+1,255))=2,LEFT(MID(TRIM(SUBSTITUTE(Z8,"員工代號:","")),FIND(" ",TRIM(SUBSTITUTE(Z8,"員工代號:","")))+1,255),1)&"*",LEFT(MID(TRIM(SUBSTITUTE(Z8,"員工代號:","")),FIND(" ",TRIM(SUBSTITUTE(Z8,"員工代號:","")))+1,255),1)&REPT("*",LEN(MID(TRIM(SUBSTITUTE(Z8,"員工代號:","")),FIND(" ",TRIM(SUBSTITUTE(Z8,"員工代號:","")))+1,255))-2)&RIGHT(MID(TRIM(SUBSTITUTE(Z8,"員工代號:","")),FIND(" ",TRIM(SUBSTITUTE(Z8,"員工代號:","")))+1,255),1)))) | B8: 2026-06 | C8: =COUNTIFS(計算明細!$B:$B,$A8,計算明細!$L:$L,$B8,計算明細!$K:$K,1) | D8: =TEXT(SUMIFS(計算明細!$J:$J,計算明細!$B:$B,$A8,計算明細!$L:$L,$B8),"[h]:mm") | Z8: 員工代號:84799 張無忌
A9: =IF(Z9="","",IF(ISNUMBER(SEARCH("員工代號:",Z9)),"員工代號:","")&LEFT(LEFT(TRIM(SUBSTITUTE(Z9,"員工代號:","")),FIND(" ",TRIM(SUBSTITUTE(Z9,"員工代號:","")))-1),2)&REPT("*",MAX(1,LEN(LEFT(TRIM(SUBSTITUTE(Z9,"員工代號:","")),FIND(" ",TRIM(SUBSTITUTE(Z9,"員工代號:","")))-1))-4))&RIGHT(LEFT(TRIM(SUBSTITUTE(Z9,"員工代號:","")),FIND(" ",TRIM(SUBSTITUTE(Z9,"員工代號:","")))-1),2)&" "&IF(LEN(MID(TRIM(SUBSTITUTE(Z9,"員工代號:","")),FIND(" ",TRIM(SUBSTITUTE(Z9,"員工代號:","")))+1,255))<=1,"*",IF(LEN(MID(TRIM(SUBSTITUTE(Z9,"員工代號:","")),FIND(" ",TRIM(SUBSTITUTE(Z9,"員工代號:","")))+1,255))=2,LEFT(MID(TRIM(SUBSTITUTE(Z9,"員工代號:","")),FIND(" ",TRIM(SUBSTITUTE(Z9,"員工代號:","")))+1,255),1)&"*",LEFT(MID(TRIM(SUBSTITUTE(Z9,"員工代號:","")),FIND(" ",TRIM(SUBSTITUTE(Z9,"員工代號:","")))+1,255),1)&REPT("*",LEN(MID(TRIM(SUBSTITUTE(Z9,"員工代號:","")),FIND(" ",TRIM(SUBSTITUTE(Z9,"員工代號:","")))+1,255))-2)&RIGHT(MID(TRIM(SUBSTITUTE(Z9,"員工代號:","")),FIND(" ",TRIM(SUBSTITUTE(Z9,"員工代號:","")))+1,255),1)))) | B9: 2026-06 | C9: =COUNTIFS(計算明細!$B:$B,$A9,計算明細!$L:$L,$B9,計算明細!$K:$K,1) | D9: =TEXT(SUMIFS(計算明細!$J:$J,計算明細!$B:$B,$A9,計算明細!$L:$L,$B9),"[h]:mm") | Z9: 員工代號:95606 趙敏
A10: =IF(Z10="","",IF(ISNUMBER(SEARCH("員工代號:",Z10)),"員工代號:","")&LEFT(LEFT(TRIM(SUBSTITUTE(Z10,"員工代號:","")),FIND(" ",TRIM(SUBSTITUTE(Z10,"員工代號:","")))-1),2)&REPT("*",MAX(1,LEN(LEFT(TRIM(SUBSTITUTE(Z10,"員工代號:","")),FIND(" ",TRIM(SUBSTITUTE(Z10,"員工代號:","")))-1))-4))&RIGHT(LEFT(TRIM(SUBSTITUTE(Z10,"員工代號:","")),FIND(" ",TRIM(SUBSTITUTE(Z10,"員工代號:","")))-1),2)&" "&IF(LEN(MID(TRIM(SUBSTITUTE(Z10,"員工代號:","")),FIND(" ",TRIM(SUBSTITUTE(Z10,"員工代號:","")))+1,255))<=1,"*",IF(LEN(MID(TRIM(SUBSTITUTE(Z10,"員工代號:","")),FIND(" ",TRIM(SUBSTITUTE(Z10,"員工代號:","")))+1,255))=2,LEFT(MID(TRIM(SUBSTITUTE(Z10,"員工代號:","")),FIND(" ",TRIM(SUBSTITUTE(Z10,"員工代號:","")))+1,255),1)&"*",LEFT(MID(TRIM(SUBSTITUTE(Z10,"員工代號:","")),FIND(" ",TRIM(SUBSTITUTE(Z10,"員工代號:","")))+1,255),1)&REPT("*",LEN(MID(TRIM(SUBSTITUTE(Z10,"員工代號:","")),FIND(" ",TRIM(SUBSTITUTE(Z10,"員工代號:","")))+1,255))-2)&RIGHT(MID(TRIM(SUBSTITUTE(Z10,"員工代號:","")),FIND(" ",TRIM(SUBSTITUTE(Z10,"員工代號:","")))+1,255),1)))) | B10: 2026-06 | C10: =COUNTIFS(計算明細!$B:$B,$A10,計算明細!$L:$L,$B10,計算明細!$K:$K,1) | D10: =TEXT(SUMIFS(計算明細!$J:$J,計算明細!$B:$B,$A10,計算明細!$L:$L,$B10),"[h]:mm") | Z10: 員工代號:93704 令狐沖
A11: =IF(Z11="","",IF(ISNUMBER(SEARCH("員工代號:",Z11)),"員工代號:","")&LEFT(LEFT(TRIM(SUBSTITUTE(Z11,"員工代號:","")),FIND(" ",TRIM(SUBSTITUTE(Z11,"員工代號:","")))-1),2)&REPT("*",MAX(1,LEN(LEFT(TRIM(SUBSTITUTE(Z11,"員工代號:","")),FIND(" ",TRIM(SUBSTITUTE(Z11,"員工代號:","")))-1))-4))&RIGHT(LEFT(TRIM(SUBSTITUTE(Z11,"員工代號:","")),FIND(" ",TRIM(SUBSTITUTE(Z11,"員工代號:","")))-1),2)&" "&IF(LEN(MID(TRIM(SUBSTITUTE(Z11,"員工代號:","")),FIND(" ",TRIM(SUBSTITUTE(Z11,"員工代號:","")))+1,255))<=1,"*",IF(LEN(MID(TRIM(SUBSTITUTE(Z11,"員工代號:","")),FIND(" ",TRIM(SUBSTITUTE(Z11,"員工代號:","")))+1,255))=2,LEFT(MID(TRIM(SUBSTITUTE(Z11,"員工代號:","")),FIND(" ",TRIM(SUBSTITUTE(Z11,"員工代號:","")))+1,255),1)&"*",LEFT(MID(TRIM(SUBSTITUTE(Z11,"員工代號:","")),FIND(" ",TRIM(SUBSTITUTE(Z11,"員工代號:","")))+1,255),1)&REPT("*",LEN(MID(TRIM(SUBSTITUTE(Z11,"員工代號:","")),FIND(" ",TRIM(SUBSTITUTE(Z11,"員工代號:","")))+1,255))-2)&RIGHT(MID(TRIM(SUBSTITUTE(Z11,"員工代號:","")),FIND(" ",TRIM(SUBSTITUTE(Z11,"員工代號:","")))+1,255),1)))) | B11: 2026-06 | C11: =COUNTIFS(計算明細!$B:$B,$A11,計算明細!$L:$L,$B11,計算明細!$K:$K,1) | D11: =TEXT(SUMIFS(計算明細!$J:$J,計算明細!$B:$B,$A11,計算明細!$L:$L,$B11),"[h]:mm") | Z11: 員工代號:94889 任盈盈
A12: =IF(Z12="","",IF(ISNUMBER(SEARCH("員工代號:",Z12)),"員工代號:","")&LEFT(LEFT(TRIM(SUBSTITUTE(Z12,"員工代號:","")),FIND(" ",TRIM(SUBSTITUTE(Z12,"員工代號:","")))-1),2)&REPT("*",MAX(1,LEN(LEFT(TRIM(SUBSTITUTE(Z12,"員工代號:","")),FIND(" ",TRIM(SUBSTITUTE(Z12,"員工代號:","")))-1))-4))&RIGHT(LEFT(TRIM(SUBSTITUTE(Z12,"員工代號:","")),FIND(" ",TRIM(SUBSTITUTE(Z12,"員工代號:","")))-1),2)&" "&IF(LEN(MID(TRIM(SUBSTITUTE(Z12,"員工代號:","")),FIND(" ",TRIM(SUBSTITUTE(Z12,"員工代號:","")))+1,255))<=1,"*",IF(LEN(MID(TRIM(SUBSTITUTE(Z12,"員工代號:","")),FIND(" ",TRIM(SUBSTITUTE(Z12,"員工代號:","")))+1,255))=2,LEFT(MID(TRIM(SUBSTITUTE(Z12,"員工代號:","")),FIND(" ",TRIM(SUBSTITUTE(Z12,"員工代號:","")))+1,255),1)&"*",LEFT(MID(TRIM(SUBSTITUTE(Z12,"員工代號:","")),FIND(" ",TRIM(SUBSTITUTE(Z12,"員工代號:","")))+1,255),1)&REPT("*",LEN(MID(TRIM(SUBSTITUTE(Z12,"員工代號:","")),FIND(" ",TRIM(SUBSTITUTE(Z12,"員工代號:","")))+1,255))-2)&RIGHT(MID(TRIM(SUBSTITUTE(Z12,"員工代號:","")),FIND(" ",TRIM(SUBSTITUTE(Z12,"員工代號:","")))+1,255),1)))) | B12: 2026-06 | C12: =COUNTIFS(計算明細!$B:$B,$A12,計算明細!$L:$L,$B12,計算明細!$K:$K,1) | D12: =TEXT(SUMIFS(計算明細!$J:$J,計算明細!$B:$B,$A12,計算明細!$L:$L,$B12),"[h]:mm") | Z12: 員工代號:81702 胡斐
A13: =IF(Z13="","",IF(ISNUMBER(SEARCH("員工代號:",Z13)),"員工代號:","")&LEFT(LEFT(TRIM(SUBSTITUTE(Z13,"員工代號:","")),FIND(" ",TRIM(SUBSTITUTE(Z13,"員工代號:","")))-1),2)&REPT("*",MAX(1,LEN(LEFT(TRIM(SUBSTITUTE(Z13,"員工代號:","")),FIND(" ",TRIM(SUBSTITUTE(Z13,"員工代號:","")))-1))-4))&RIGHT(LEFT(TRIM(SUBSTITUTE(Z13,"員工代號:","")),FIND(" ",TRIM(SUBSTITUTE(Z13,"員工代號:","")))-1),2)&" "&IF(LEN(MID(TRIM(SUBSTITUTE(Z13,"員工代號:","")),FIND(" ",TRIM(SUBSTITUTE(Z13,"員工代號:","")))+1,255))<=1,"*",IF(LEN(MID(TRIM(SUBSTITUTE(Z13,"員工代號:","")),FIND(" ",TRIM(SUBSTITUTE(Z13,"員工代號:","")))+1,255))=2,LEFT(MID(TRIM(SUBSTITUTE(Z13,"員工代號:","")),FIND(" ",TRIM(SUBSTITUTE(Z13,"員工代號:","")))+1,255),1)&"*",LEFT(MID(TRIM(SUBSTITUTE(Z13,"員工代號:","")),FIND(" ",TRIM(SUBSTITUTE(Z13,"員工代號:","")))+1,255),1)&REPT("*",LEN(MID(TRIM(SUBSTITUTE(Z13,"員工代號:","")),FIND(" ",TRIM(SUBSTITUTE(Z13,"員工代號:","")))+1,255))-2)&RIGHT(MID(TRIM(SUBSTITUTE(Z13,"員工代號:","")),FIND(" ",TRIM(SUBSTITUTE(Z13,"員工代號:","")))+1,255),1)))) | B13: 2026-06 | C13: =COUNTIFS(計算明細!$B:$B,$A13,計算明細!$L:$L,$B13,計算明細!$K:$K,1) | D13: =TEXT(SUMIFS(計算明細!$J:$J,計算明細!$B:$B,$A13,計算明細!$L:$L,$B13),"[h]:mm") | Z13: 員工代號:94827 袁紫衣
A14: =IF(Z14="","",IF(ISNUMBER(SEARCH("員工代號:",Z14)),"員工代號:","")&LEFT(LEFT(TRIM(SUBSTITUTE(Z14,"員工代號:","")),FIND(" ",TRIM(SUBSTITUTE(Z14,"員工代號:","")))-1),2)&REPT("*",MAX(1,LEN(LEFT(TRIM(SUBSTITUTE(Z14,"員工代號:","")),FIND(" ",TRIM(SUBSTITUTE(Z14,"員工代號:","")))-1))-4))&RIGHT(LEFT(TRIM(SUBSTITUTE(Z14,"員工代號:","")),FIND(" ",TRIM(SUBSTITUTE(Z14,"員工代號:","")))-1),2)&" "&IF(LEN(MID(TRIM(SUBSTITUTE(Z14,"員工代號:","")),FIND(" ",TRIM(SUBSTITUTE(Z14,"員工代號:","")))+1,255))<=1,"*",IF(LEN(MID(TRIM(SUBSTITUTE(Z14,"員工代號:","")),FIND(" ",TRIM(SUBSTITUTE(Z14,"員工代號:","")))+1,255))=2,LEFT(MID(TRIM(SUBSTITUTE(Z14,"員工代號:","")),FIND(" ",TRIM(SUBSTITUTE(Z14,"員工代號:","")))+1,255),1)&"*",LEFT(MID(TRIM(SUBSTITUTE(Z14,"員工代號:","")),FIND(" ",TRIM(SUBSTITUTE(Z14,"員工代號:","")))+1,255),1)&REPT("*",LEN(MID(TRIM(SUBSTITUTE(Z14,"員工代號:","")),FIND(" ",TRIM(SUBSTITUTE(Z14,"員工代號:","")))+1,255))-2)&RIGHT(MID(TRIM(SUBSTITUTE(Z14,"員工代號:","")),FIND(" ",TRIM(SUBSTITUTE(Z14,"員工代號:","")))+1,255),1)))) | B14: 2026-06 | C14: =COUNTIFS(計算明細!$B:$B,$A14,計算明細!$L:$L,$B14,計算明細!$K:$K,1) | D14: =TEXT(SUMIFS(計算明細!$J:$J,計算明細!$B:$B,$A14,計算明細!$L:$L,$B14),"[h]:mm") | Z14: 員工代號:87967 陳家洛
A15: =IF(Z15="","",IF(ISNUMBER(SEARCH("員工代號:",Z15)),"員工代號:","")&LEFT(LEFT(TRIM(SUBSTITUTE(Z15,"員工代號:","")),FIND(" ",TRIM(SUBSTITUTE(Z15,"員工代號:","")))-1),2)&REPT("*",MAX(1,LEN(LEFT(TRIM(SUBSTITUTE(Z15,"員工代號:","")),FIND(" ",TRIM(SUBSTITUTE(Z15,"員工代號:","")))-1))-4))&RIGHT(LEFT(TRIM(SUBSTITUTE(Z15,"員工代號:","")),FIND(" ",TRIM(SUBSTITUTE(Z15,"員工代號:","")))-1),2)&" "&IF(LEN(MID(TRIM(SUBSTITUTE(Z15,"員工代號:","")),FIND(" ",TRIM(SUBSTITUTE(Z15,"員工代號:","")))+1,255))<=1,"*",IF(LEN(MID(TRIM(SUBSTITUTE(Z15,"員工代號:","")),FIND(" ",TRIM(SUBSTITUTE(Z15,"員工代號:","")))+1,255))=2,LEFT(MID(TRIM(SUBSTITUTE(Z15,"員工代號:","")),FIND(" ",TRIM(SUBSTITUTE(Z15,"員工代號:","")))+1,255),1)&"*",LEFT(MID(TRIM(SUBSTITUTE(Z15,"員工代號:","")),FIND(" ",TRIM(SUBSTITUTE(Z15,"員工代號:","")))+1,255),1)&REPT("*",LEN(MID(TRIM(SUBSTITUTE(Z15,"員工代號:","")),FIND(" ",TRIM(SUBSTITUTE(Z15,"員工代號:","")))+1,255))-2)&RIGHT(MID(TRIM(SUBSTITUTE(Z15,"員工代號:","")),FIND(" ",TRIM(SUBSTITUTE(Z15,"員工代號:","")))+1,255),1)))) | B15: 2026-06 | C15: =COUNTIFS(計算明細!$B:$B,$A15,計算明細!$L:$L,$B15,計算明細!$K:$K,1) | D15: =TEXT(SUMIFS(計算明細!$J:$J,計算明細!$B:$B,$A15,計算明細!$L:$L,$B15),"[h]:mm") | Z15: 員工代號:96030 霍青桐
... A19: =IF(Z19="","",IF(ISNUMBER(SEARCH("員工代號:",Z19)),"員工代號:","")&LEFT(LEFT(TRIM(SUBSTITUTE(Z19,"員工代號:","")),FIND(" ",TRIM(SUBSTITUTE(Z19,"員工代號:","")))-1),2)&REPT("*",MAX(1,LEN(LEFT(TRIM(SUBSTITUTE(Z19,"員工代號:","")),FIND(" ",TRIM(SUBSTITUTE(Z19,"員工代號:","")))-1))-4))&RIGHT(LEFT(TRIM(SUBSTITUTE(Z19,"員工代號:","")),FIND(" ",TRIM(SUBSTITUTE(Z19,"員工代號:","")))-1),2)&" "&IF(LEN(MID(TRIM(SUBSTITUTE(Z19,"員工代號:","")),FIND(" ",TRIM(SUBSTITUTE(Z19,"員工代號:","")))+1,255))<=1,"*",IF(LEN(MID(TRIM(SUBSTITUTE(Z19,"員工代號:","")),FIND(" ",TRIM(SUBSTITUTE(Z19,"員工代號:","")))+1,255))=2,LEFT(MID(TRIM(SUBSTITUTE(Z19,"員工代號:","")),FIND(" ",TRIM(SUBSTITUTE(Z19,"員工代號:","")))+1,255),1)&"*",LEFT(MID(TRIM(SUBSTITUTE(Z19,"員工代號:","")),FIND(" ",TRIM(SUBSTITUTE(Z19,"員工代號:","")))+1,255),1)&REPT("*",LEN(MID(TRIM(SUBSTITUTE(Z19,"員工代號:","")),FIND(" ",TRIM(SUBSTITUTE(Z19,"員工代號:","")))+1,255))-2)&RIGHT(MID(TRIM(SUBSTITUTE(Z19,"員工代號:","")),FIND(" ",TRIM(SUBSTITUTE(Z19,"員工代號:","")))+1,255),1)))) | B19: 2026-06 | C19: =COUNTIFS(計算明細!$B:$B,$A19,計算明細!$L:$L,$B19,計算明細!$K:$K,1) | D19: =TEXT(SUMIFS(計算明細!$J:$J,計算明細!$B:$B,$A19,計算明細!$L:$L,$B19),"[h]:mm") | Z19: 員工代號:83737 羅開

Sheet 員工出勤明細表
A1: 總部
A2: 員工出勤明細表
A3: 員工代號:97668 郭靖
A4: 出勤日期:2026/06/01 至 2026/06/30
A5: 製表日期:2026/07/02
A6: 日期 | B6: 星期 | C6: 班次代號 | D6: 班次名稱 | E6: 上班 | F6: 下班 | G6: 備註
A7: 2026/06/01 | B7: 一
A8: 2026/06/02 | B8: 二
A9: 2026/06/03 | B9: 三
A10: 2026/06/04 | B10: 四
A11: 2026/06/05 | B11: 五
A12: 2026/06/06 | B12: 六
A13: 2026/06/07 | B13: 日
A14: 2026/06/08 | B14: 一 | C14: 2 | D14: 模具班 | E14: 07:53 | F14: 病假12:23
A15: 2026/06/08 | B15: 一 | C15: 3 | D15: 外出歸回班 | E15: 11:44 | F15: 12:01
A16: 2026/06/09 | B16: 二 | C16: 2 | D16: 模具班 | E16: 07:51 | F16: 19:41
A17: 2026/06/09 | B17: 二 | C17: 3 | D17: 外出歸回班 | E17: 14:27 | F17: 早退15:39
A18: 2026/06/10 | B18: 三 | C18: 2 | D18: 模具班 | E18: 07:51 | F18: 17:08
A19: 2026/06/11 | B19: 四 | C19: 2 | D19: 模具班 | E19: 07:56 | F19: 20:02
A20: 2026/06/12 | B20: 五 | C20: 2 | D20: 模具班 | E20: 07:55 | F20: 20:36
A21: 2026/06/13 | B21: 六
A22: 2026/06/14 | B22: 日
A23: 2026/06/15 | B23: 一 | C23: 2 | D23: 模具班 | E23: 07:53 | F23: 19:34
A24: 2026/06/16 | B24: 二 | C24: 2 | D24: 模具班 | E24: 07:55 | F24: 17:08
A25: 2026/06/17 | B25: 三 | C25: 2 | D25: 模具班 | E25: 07:56 | F25: 20:07
A26: 2026/06/18 | B26: 四 | C26: 2 | D26: 模具班 | E26: 07:53 | F26: 17:09
A27: 2026/06/19 | B27: 五
A28: 2026/06/20 | B28: 六
A29: 2026/06/21 | B29: 日
A30: 2026/06/22 | B30: 一 | C30: 2 | D30: 模具班 | E30: 07:53 | F30: 19:34
A31: 2026/06/23 | B31: 二 | C31: 2 | D31: 模具班 | E31: 07:53 | F31: 19:33
A32: 2026/06/24 | B32: 三 | C32: 2 | D32: 模具班 | E32: 07:56 | F32: 17:07
A33: 2026/06/25 | B33: 四 | C33: 2 | D33: 模具班 | E33: 07:55 | F33: 20:36
A34: 2026/06/26 | B34: 五 | C34: 2 | D34: 模具班 | E34: 07:55 | F34: 17:07
A35: 2026/06/27 | B35: 六 | C35: 2 | D35: 模具班 | E35: 遲到08:04 | F35: 早退15:08
A36: 2026/06/28 | B36: 日
A37: 2026/06/29 | B37: 一 | C37: 2 | D37: 模具班 | E37: 遲到08:25 | F37: 17:03
A38: 2026/06/30 | B38: 二 | C38: 2 | D38: 模具班 | E38: 07:55 | F38: 17:08
A39: 遲到次數: 2.00 早退次數: 2.00
A40: 遲到分鐘: 29.00 早退分鐘: 220.00
A41: 上班時數: 125.47 上班次數: 19.00
A42: 加班單加班時數:
A45: 員工代號:85479 黃蓉
A46: 出勤日期:2026/06/01 至 2026/06/30
A47: 製表日期:2026/07/02
A48: 日期 | B48: 星期 | C48: 班次代號 | D48: 班次名稱 | E48: 上班 | F48: 下班 | G48: 備註
A49: 2026/06/01 | B49: 一 | C49: 2 | D49: 模具班 | E49: 07:29 | F49: 19:32
A50: 2026/06/02 | B50: 二 | C50: 2 | D50: 模具班 | E50: 07:25 | F50: 20:32
A51: 2026/06/03 | B51: 三 | C51: 2 | D51: 模具班 | E51: 07:29 | F51: 19:32
A52: 2026/06/04 | B52: 四 | C52: 2 | D52: 模具班 | E52: 07:25 | F52: 20:32
A53: 2026/06/05 | B53: 五 | C53: 2 | D53: 模具班 | E53: 07:32 | F53: 20:32
A54: 2026/06/06 | B54: 六
A55: 2026/06/07 | B55: 日
A56: 2026/06/08 | B56: 一 | C56: 2 | D56: 模具班 | E56: 07:32 | F56: 19:33
A57: 2026/06/09 | B57: 二 | C57: 2 | D57: 模具班 | E57: 07:27 | F57: 20:32
A58: 2026/06/10 | B58: 三 | C58: 2 | D58: 模具班 | E58: 07:27 | F58: 19:32
A59: 2026/06/11 | B59: 四 | C59: 2 | D59: 模具班 | E59: 07:29 | F59: 20:32
A60: 2026/06/12 | B60: 五
A61: 2026/06/13 | B61: 六
A62: 2026/06/14 | B62: 日
A63: 2026/06/15 | B63: 一 | C63: 2 | D63: 模具班 | E63: 07:32 | F63: 19:34
A64: 2026/06/16 | B64: 二 | C64: 2 | D64: 模具班 | E64: 07:27 | F64: 20:32
A65: 2026/06/17 | B65: 三 | C65: 2 | D65: 模具班 | E65: 07:27 | F65: 19:32
A66: 2026/06/18 | B66: 四 | C66: 2 | D66: 模具班 | E66: 07:27 | F66: 17:02
A67: 2026/06/19 | B67: 五
A68: 2026/06/20 | B68: 六
A69: 2026/06/21 | B69: 日
A70: 2026/06/22 | B70: 一 | C70: 2 | D70: 模具班 | E70: 07:29 | F70: 19:32
A71: 2026/06/22 | B71: 一 | C71: 3 | D71: 外出歸回班 | E71: 17:34 | F71: 早退19:18
A72: 2026/06/23 | B72: 二 | C72: 2 | D72: 模具班 | E72: 07:24 | F72: 20:32
A73: 2026/06/24 | B73: 三 | C73: 2 | D73: 模具班 | E73: 07:27 | F73: 19:32
A74: 2026/06/25 | B74: 四 | C74: 2 | D74: 模具班 | E74: 07:32 | F74: 20:32
A75: 2026/06/26 | B75: 五
A76: 2026/06/27 | B76: 六 | C76: 2 | D76: 模具班 | E76: 07:30 | F76: 早退15:03
A77: 2026/06/28 | B77: 日
A78: 2026/06/29 | B78: 一 | C78: 2 | D78: 模具班 | E78: 07:29 | F78: 20:32
A79: 2026/06/30 | B79: 二 | C79: 2 | D79: 模具班 | E79: 07:27 | F79: 20:32
A80: 遲到次數: 早退次數: 2.00
A81: 遲到分鐘: 早退分鐘: 193.00
A82: 上班時數: 151.48 上班次數: 21.00
A83: 加班單加班時數:
A86: 員工代號:96638 楊過
A87: 出勤日期:2026/06/01 至 2026/06/30
A88: 製表日期:2026/07/02
A89: 日期 | B89: 星期 | C89: 班次代號 | D89: 班次名稱 | E89: 上班 | F89: 下班 | G89: 備註
A90: 2026/06/01 | B90: 一 | C90: 2 | D90: 模具班 | E90: 07:21 | F90: 17:10
A91: 2026/06/02 | B91: 二 | C91: 2 | D91: 模具班 | E91: 07:25 | F91: 17:03
A92: 2026/06/03 | B92: 三 | C92: 2 | D92: 模具班 | E92: 07:19 | F92: 17:02
A93: 2026/06/04 | B93: 四 | C93: 2 | D93: 模具班 | E93: 07:26 | F93: 17:02
A94: 2026/06/05 | B94: 五 | C94: 2 | D94: 模具班 | E94: 07:29 | F94: 17:56 | G94: 18:16
A95: 2026/06/06 | B95: 六
A96: 2026/06/07 | B96: 日
A97: 2026/06/08 | B97: 一 | C97: 2 | D97: 模具班 | E97: 07:25 | F97: 17:18
A98: 2026/06/09 | B98: 二 | C98: 2 | D98: 模具班 | E98: 07:28 | F98: 17:02
A99: 2026/06/09 | B99: 二 | C99: 3 | D99: 外出歸回班 | E99: 09:27 | F99: 早退10:47
A100: 2026/06/10 | B100: 三 | C100: 2 | D100: 模具班 | E100: 07:27 | F100: 17:04
A101: 2026/06/11 | B101: 四 | C101: 2 | D101: 模具班 | E101: 07:21 | F101: 17:02
A102: 2026/06/12 | B102: 五 | C102: 2 | D102: 模具班 | E102: 07:24 | F102: 特休假14:05
A103: 2026/06/12 | B103: 五 | C103: 3 | D103: 外出歸回班 | E103: 10:38 | F103: 11:40
A104: 2026/06/13 | B104: 六
...

Sheet 計算明細
A1: 來源列 | B1: 員工 | C1: 日期 | D1: 星期 | E1: 上班原始 | F1: 下班原始 | G1: 上班時間 | H1: 下班時間 | I1: 計算下班 | J1: 工作時數 | K1: 每日計數 | L1: 每月 | AA1: 員工來源(隱藏)
A8: 7 | B8: =IF(AA8="","",IF(ISNUMBER(SEARCH("員工代號:",AA8)),"員工代號:","")&LEFT(LEFT(TRIM(SUBSTITUTE(AA8,"員工代號:","")),FIND(" ",TRIM(SUBSTITUTE(AA8,"員工代號:","")))-1),2)&REPT("*",MAX(1,LEN(LEFT(TRIM(SUBSTITUTE(AA8,"員工代號:","")),FIND(" ",TRIM(SUBSTITUTE(AA8,"員工代號:","")))-1))-4))&RIGHT(LEFT(TRIM(SUBSTITUTE(AA8,"員工代號:","")),FIND(" ",TRIM(SUBSTITUTE(AA8,"員工代號:","")))-1),2)&" "&IF(LEN(MID(TRIM(SUBSTITUTE(AA8,"員工代號:","")),FIND(" ",TRIM(SUBSTITUTE(AA8,"員工代號:","")))+1,255))<=1,"*",IF(LEN(MID(TRIM(SUBSTITUTE(AA8,"員工代號:","")),FIND(" ",TRIM(SUBSTITUTE(AA8,"員工代號:","")))+1,255))=2,LEFT(MID(TRIM(SUBSTITUTE(AA8,"員工代號:","")),FIND(" ",TRIM(SUBSTITUTE(AA8,"員工代號:","")))+1,255),1)&"*",LEFT(MID(TRIM(SUBSTITUTE(AA8,"員工代號:","")),FIND(" ",TRIM(SUBSTITUTE(AA8,"員工代號:","")))+1,255),1)&REPT("*",LEN(MID(TRIM(SUBSTITUTE(AA8,"員工代號:","")),FIND(" ",TRIM(SUBSTITUTE(AA8,"員工代號:","")))+1,255))-2)&RIGHT(MID(TRIM(SUBSTITUTE(AA8,"員工代號:","")),FIND(" ",TRIM(SUBSTITUTE(AA8,"員工代號:","")))+1,255),1)))) | C8: 46174 | D8: 一 | L8: 2026-06 | AA8: 員工代號:97668 郭靖
A9: 8 | B9: =IF(AA9="","",IF(ISNUMBER(SEARCH("員工代號:",AA9)),"員工代號:","")&LEFT(LEFT(TRIM(SUBSTITUTE(AA9,"員工代號:","")),FIND(" ",TRIM(SUBSTITUTE(AA9,"員工代號:","")))-1),2)&REPT("*",MAX(1,LEN(LEFT(TRIM(SUBSTITUTE(AA9,"員工代號:","")),FIND(" ",TRIM(SUBSTITUTE(AA9,"員工代號:","")))-1))-4))&RIGHT(LEFT(TRIM(SUBSTITUTE(AA9,"員工代號:","")),FIND(" ",TRIM(SUBSTITUTE(AA9,"員工代號:","")))-1),2)&" "&IF(LEN(MID(TRIM(SUBSTITUTE(AA9,"員工代號:","")),FIND(" ",TRIM(SUBSTITUTE(AA9,"員工代號:","")))+1,255))<=1,"*",IF(LEN(MID(TRIM(SUBSTITUTE(AA9,"員工代號:","")),FIND(" ",TRIM(SUBSTITUTE(AA9,"員工代號:","")))+1,255))=2,LEFT(MID(TRIM(SUBSTITUTE(AA9,"員工代號:","")),FIND(" ",TRIM(SUBSTITUTE(AA9,"員工代號:","")))+1,255),1)&"*",LEFT(MID(TRIM(SUBSTITUTE(AA9,"員工代號:","")),FIND(" ",TRIM(SUBSTITUTE(AA9,"員工代號:","")))+1,255),1)&REPT("*",LEN(MID(TRIM(SUBSTITUTE(AA9,"員工代號:","")),FIND(" ",TRIM(SUBSTITUTE(AA9,"員工代號:","")))+1,255))-2)&RIGHT(MID(TRIM(SUBSTITUTE(AA9,"員工代號:","")),FIND(" ",TRIM(SUBSTITUTE(AA9,"員工代號:","")))+1,255),1)))) | C9: 46175 | D9: 二 | L9: 2026-06 | AA9: 員工代號:97668 郭靖
A10: 9 | B10: =IF(AA10="","",IF(ISNUMBER(SEARCH("員工代號:",AA10)),"員工代號:","")&LEFT(LEFT(TRIM(SUBSTITUTE(AA10,"員工代號:","")),FIND(" ",TRIM(SUBSTITUTE(AA10,"員工代號:","")))-1),2)&REPT("*",MAX(1,LEN(LEFT(TRIM(SUBSTITUTE(AA10,"員工代號:","")),FIND(" ",TRIM(SUBSTITUTE(AA10,"員工代號:","")))-1))-4))&RIGHT(LEFT(TRIM(SUBSTITUTE(AA10,"員工代號:","")),FIND(" ",TRIM(SUBSTITUTE(AA10,"員工代號:","")))-1),2)&" "&IF(LEN(MID(TRIM(SUBSTITUTE(AA10,"員工代號:","")),FIND(" ",TRIM(SUBSTITUTE(AA10,"員工代號:","")))+1,255))<=1,"*",IF(LEN(MID(TRIM(SUBSTITUTE(AA10,"員工代號:","")),FIND(" ",TRIM(SUBSTITUTE(AA10,"員工代號:","")))+1,255))=2,LEFT(MID(TRIM(SUBSTITUTE(AA10,"員工代號:","")),FIND(" ",TRIM(SUBSTITUTE(AA10,"員工代號:","")))+1,255),1)&"*",LEFT(MID(TRIM(SUBSTITUTE(AA10,"員工代號:","")),FIND(" ",TRIM(SUBSTITUTE(AA10,"員工代號:","")))+1,255),1)&REPT("*",LEN(MID(TRIM(SUBSTITUTE(AA10,"員工代號:","")),FIND(" ",TRIM(SUBSTITUTE(AA10,"員工代號:","")))+1,255))-2)&RIGHT(MID(TRIM(SUBSTITUTE(AA10,"員工代號:","")),FIND(" ",TRIM(SUBSTITUTE(AA10,"員工代號:","")))+1,255),1)))) | C10: 46176 | D10: 三 | L10: 2026-06 | AA10: 員工代號:97668 郭靖
A11: 10 | B11: =IF(AA11="","",IF(ISNUMBER(SEARCH("員工代號:",AA11)),"員工代號:","")&LEFT(LEFT(TRIM(SUBSTITUTE(AA11,"員工代號:","")),FIND(" ",TRIM(SUBSTITUTE(AA11,"員工代號:","")))-1),2)&REPT("*",MAX(1,LEN(LEFT(TRIM(SUBSTITUTE(AA11,"員工代號:","")),FIND(" ",TRIM(SUBSTITUTE(AA11,"員工代號:","")))-1))-4))&RIGHT(LEFT(TRIM(SUBSTITUTE(AA11,"員工代號:","")),FIND(" ",TRIM(SUBSTITUTE(AA11,"員工代號:","")))-1),2)&" "&IF(LEN(MID(TRIM(SUBSTITUTE(AA11,"員工代號:","")),FIND(" ",TRIM(SUBSTITUTE(AA11,"員工代號:","")))+1,255))<=1,"*",IF(LEN(MID(TRIM(SUBSTITUTE(AA11,"員工代號:","")),FIND(" ",TRIM(SUBSTITUTE(AA11,"員工代號:","")))+1,255))=2,LEFT(MID(TRIM(SUBSTITUTE(AA11,"員工代號:","")),FIND(" ",TRIM(SUBSTITUTE(AA11,"員工代號:","")))+1,255),1)&"*",LEFT(MID(TRIM(SUBSTITUTE(AA11,"員工代號:","")),FIND(" ",TRIM(SUBSTITUTE(AA11,"員工代號:","")))+1,255),1)&REPT("*",LEN(MID(TRIM(SUBSTITUTE(AA11,"員工代號:","")),FIND(" ",TRIM(SUBSTITUTE(AA11,"員工代號:","")))+1,255))-2)&RIGHT(MID(TRIM(SUBSTITUTE(AA11,"員工代號:","")),FIND(" ",TRIM(SUBSTITUTE(AA11,"員工代號:","")))+1,255),1)))) | C11: 46177 | D11: 四 | L11: 2026-06 | AA11: 員工代號:97668 郭靖
A12: 11 | B12: =IF(AA12="","",IF(ISNUMBER(SEARCH("員工代號:",AA12)),"員工代號:","")&LEFT(LEFT(TRIM(SUBSTITUTE(AA12,"員工代號:","")),FIND(" ",TRIM(SUBSTITUTE(AA12,"員工代號:","")))-1),2)&REPT("*",MAX(1,LEN(LEFT(TRIM(SUBSTITUTE(AA12,"員工代號:","")),FIND(" ",TRIM(SUBSTITUTE(AA12,"員工代號:","")))-1))-4))&RIGHT(LEFT(TRIM(SUBSTITUTE(AA12,"員工代號:","")),FIND(" ",TRIM(SUBSTITUTE(AA12,"員工代號:","")))-1),2)&" "&IF(LEN(MID(TRIM(SUBSTITUTE(AA12,"員工代號:","")),FIND(" ",TRIM(SUBSTITUTE(AA12,"員工代號:","")))+1,255))<=1,"*",IF(LEN(MID(TRIM(SUBSTITUTE(AA12,"員工代號:","")),FIND(" ",TRIM(SUBSTITUTE(AA12,"員工代號:","")))+1,255))=2,LEFT(MID(TRIM(SUBSTITUTE(AA12,"員工代號:","")),FIND(" ",TRIM(SUBSTITUTE(AA12,"員工代號:","")))+1,255),1)&"*",LEFT(MID(TRIM(SUBSTITUTE(AA12,"員工代號:","")),FIND(" ",TRIM(SUBSTITUTE(AA12,"員工代號:","")))+1,255),1)&REPT("*",LEN(MID(TRIM(SUBSTITUTE(AA12,"員工代號:","")),FIND(" ",TRIM(SUBSTITUTE(AA12,"員工代號:","")))+1,255))-2)&RIGHT(MID(TRIM(SUBSTITUTE(AA12,"員工代號:","")),FIND(" ",TRIM(SUBSTITUTE(AA12,"員工代號:","")))+1,255),1)))) | C12: 46178 | D12: 五 | L12: 2026-06 | AA12: 員工代號:97668 郭靖
A13: 12 | B13: =IF(AA13="","",IF(ISNUMBER(SEARCH("員工代號:",AA13)),"員工代號:","")&LEFT(LEFT(TRIM(SUBSTITUTE(AA13,"員工代號:","")),FIND(" ",TRIM(SUBSTITUTE(AA13,"員工代號:","")))-1),2)&REPT("*",MAX(1,LEN(LEFT(TRIM(SUBSTITUTE(AA13,"員工代號:","")),FIND(" ",TRIM(SUBSTITUTE(AA13,"員工代號:","")))-1))-4))&RIGHT(LEFT(TRIM(SUBSTITUTE(AA13,"員工代號:","")),FIND(" ",TRIM(SUBSTITUTE(AA13,"員工代號:","")))-1),2)&" "&IF(LEN(MID(TRIM(SUBSTITUTE(AA13,"員工代號:","")),FIND(" ",TRIM(SUBSTITUTE(AA13,"員工代號:","")))+1,255))<=1,"*",IF(LEN(MID(TRIM(SUBSTITUTE(AA13,"員工代號:","")),FIND(" ",TRIM(SUBSTITUTE(AA13,"員工代號:","")))+1,255))=2,LEFT(MID(TRIM(SUBSTITUTE(AA13,"員工代號:","")),FIND(" ",TRIM(SUBSTITUTE(AA13,"員工代號:","")))+1,255),1)&"*",LEFT(MID(TRIM(SUBSTITUTE(AA13,"員工代號:","")),FIND(" ",TRIM(SUBSTITUTE(AA13,"員工代號:","")))+1,255),1)&REPT("*",LEN(MID(TRIM(SUBSTITUTE(AA13,"員工代號:","")),FIND(" ",TRIM(SUBSTITUTE(AA13,"員工代號:","")))+1,255))-2)&RIGHT(MID(TRIM(SUBSTITUTE(AA13,"員工代號:","")),FIND(" ",TRIM(SUBSTITUTE(AA13,"員工代號:","")))+1,255),1)))) | C13: 46179 | D13: 六 | L13: 2026-06 | AA13: 員工代號:97668 郭靖
A14: 13 | B14: =IF(AA14="","",IF(ISNUMBER(SEARCH("員工代號:",AA14)),"員工代號:","")&LEFT(LEFT(TRIM(SUBSTITUTE(AA14,"員工代號:","")),FIND(" ",TRIM(SUBSTITUTE(AA14,"員工代號:","")))-1),2)&REPT("*",MAX(1,LEN(LEFT(TRIM(SUBSTITUTE(AA14,"員工代號:","")),FIND(" ",TRIM(SUBSTITUTE(AA14,"員工代號:","")))-1))-4))&RIGHT(LEFT(TRIM(SUBSTITUTE(AA14,"員工代號:","")),FIND(" ",TRIM(SUBSTITUTE(AA14,"員工代號:","")))-1),2)&" "&IF(LEN(MID(TRIM(SUBSTITUTE(AA14,"員工代號:","")),FIND(" ",TRIM(SUBSTITUTE(AA14,"員工代號:","")))+1,255))<=1,"*",IF(LEN(MID(TRIM(SUBSTITUTE(AA14,"員工代號:","")),FIND(" ",TRIM(SUBSTITUTE(AA14,"員工代號:","")))+1,255))=2,LEFT(MID(TRIM(SUBSTITUTE(AA14,"員工代號:","")),FIND(" ",TRIM(SUBSTITUTE(AA14,"員工代號:","")))+1,255),1)&"*",LEFT(MID(TRIM(SUBSTITUTE(AA14,"員工代號:","")),FIND(" ",TRIM(SUBSTITUTE(AA14,"員工代號:","")))+1,255),1)&REPT("*",LEN(MID(TRIM(SUBSTITUTE(AA14,"員工代號:","")),FIND(" ",TRIM(SUBSTITUTE(AA14,"員工代號:","")))+1,255))-2)&RIGHT(MID(TRIM(SUBSTITUTE(AA14,"員工代號:","")),FIND(" ",TRIM(SUBSTITUTE(AA14,"員工代號:","")))+1,255),1)))) | C14: 46180 | D14: 日 | L14: 2026-06 | AA14: 員工代號:97668 郭靖
A15: 14 | B15: =IF(AA15="","",IF(ISNUMBER(SEARCH("員工代號:",AA15)),"員工代號:","")&LEFT(LEFT(TRIM(SUBSTITUTE(AA15,"員工代號:","")),FIND(" ",TRIM(SUBSTITUTE(AA15,"員工代號:","")))-1),2)&REPT("*",MAX(1,LEN(LEFT(TRIM(SUBSTITUTE(AA15,"員工代號:","")),FIND(" ",TRIM(SUBSTITUTE(AA15,"員工代號:","")))-1))-4))&RIGHT(LEFT(TRIM(SUBSTITUTE(AA15,"員工代號:","")),FIND(" ",TRIM(SUBSTITUTE(AA15,"員工代號:","")))-1),2)&" "&IF(LEN(MID(TRIM(SUBSTITUTE(AA15,"員工代號:","")),FIND(" ",TRIM(SUBSTITUTE(AA15,"員工代號:","")))+1,255))<=1,"*",IF(LEN(MID(TRIM(SUBSTITUTE(AA15,"員工代號:","")),FIND(" ",TRIM(SUBSTITUTE(AA15,"員工代號:","")))+1,255))=2,LEFT(MID(TRIM(SUBSTITUTE(AA15,"員工代號:","")),FIND(" ",TRIM(SUBSTITUTE(AA15,"員工代號:","")))+1,255),1)&"*",LEFT(MID(TRIM(SUBSTITUTE(AA15,"員工代號:","")),FIND(" ",TRIM(SUBSTITUTE(AA15,"員工代號:","")))+1,255),1)&REPT("*",LEN(MID(TRIM(SUBSTITUTE(AA15,"員工代號:","")),FIND(" ",TRIM(SUBSTITUTE(AA15,"員工代號:","")))+1,255))-2)&RIGHT(MID(TRIM(SUBSTITUTE(AA15,"員工代號:","")),FIND(" ",TRIM(SUBSTITUTE(AA15,"員工代號:","")))+1,255),1)))) | C15: 46181 | D15: 一 | E15: 07:53 | F15: 病假12:23 | G15: 0.32847222 | H15: 0.51597222 | I15: 0.51597222 | J15: 0.1875 | K15: 1 | L15: 2026-06 | AA15: 員工代號:97668 郭靖
A16: 15 | B16: =IF(AA16="","",IF(ISNUMBER(SEARCH("員工代號:",AA16)),"員工代號:","")&LEFT(LEFT(TRIM(SUBSTITUTE(AA16,"員工代號:","")),FIND(" ",TRIM(SUBSTITUTE(AA16,"員工代號:","")))-1),2)&REPT("*",MAX(1,LEN(LEFT(TRIM(SUBSTITUTE(AA16,"員工代號:","")),FIND(" ",TRIM(SUBSTITUTE(AA16,"員工代號:","")))-1))-4))&RIGHT(LEFT(TRIM(SUBSTITUTE(AA16,"員工代號:","")),FIND(" ",TRIM(SUBSTITUTE(AA16,"員工代號:","")))-1),2)&" "&IF(LEN(MID(TRIM(SUBSTITUTE(AA16,"員工代號:","")),FIND(" ",TRIM(SUBSTITUTE(AA16,"員工代號:","")))+1,255))<=1,"*",IF(LEN(MID(TRIM(SUBSTITUTE(AA16,"員工代號:","")),FIND(" ",TRIM(SUBSTITUTE(AA16,"員工代號:","")))+1,255))=2,LEFT(MID(TRIM(SUBSTITUTE(AA16,"員工代號:","")),FIND(" ",TRIM(SUBSTITUTE(AA16,"員工代號:","")))+1,255),1)&"*",LEFT(MID(TRIM(SUBSTITUTE(AA16,"員工代號:","")),FIND(" ",TRIM(SUBSTITUTE(AA16,"員工代號:","")))+1,255),1)&REPT("*",LEN(MID(TRIM(SUBSTITUTE(AA16,"員工代號:","")),FIND(" ",TRIM(SUBSTITUTE(AA16,"員工代號:","")))+1,255))-2)&RIGHT(MID(TRIM(SUBSTITUTE(AA16,"員工代號:","")),FIND(" ",TRIM(SUBSTITUTE(AA16,"員工代號:","")))+1,255),1)))) | C16: 46181 | D16: 一 | E16: 11:44 | F16: 12:01 | G16: 0.48888889 | H16: 0.50069444 | I16: 0.50069444 | J16: 0.011805556 | K16: 0 | L16: 2026-06 | AA16: 員工代號:97668 郭靖
A17: 16 | B17: =IF(AA17="","",IF(ISNUMBER(SEARCH("員工代號:",AA17)),"員工代號:","")&LEFT(LEFT(TRIM(SUBSTITUTE(AA17,"員工代號:","")),FIND(" ",TRIM(SUBSTITUTE(AA17,"員工代號:","")))-1),2)&REPT("*",MAX(1,LEN(LEFT(TRIM(SUBSTITUTE(AA17,"員工代號:","")),FIND(" ",TRIM(SUBSTITUTE(AA17,"員工代號:","")))-1))-4))&RIGHT(LEFT(TRIM(SUBSTITUTE(AA17,"員工代號:","")),FIND(" ",TRIM(SUBSTITUTE(AA17,"員工代號:","")))-1),2)&" "&IF(LEN(MID(TRIM(SUBSTITUTE(AA17,"員工代號:","")),FIND(" ",TRIM(SUBSTITUTE(AA17,"員工代號:","")))+1,255))<=1,"*",IF(LEN(MID(TRIM(SUBSTITUTE(AA17,"員工代號:","")),FIND(" ",TRIM(SUBSTITUTE(AA17,"員工代號:","")))+1,255))=2,LEFT(MID(TRIM(SUBSTITUTE(AA17,"員工代號:","")),FIND(" ",TRIM(SUBSTITUTE(AA17,"員工代號:","")))+1,255),1)&"*",LEFT(MID(TRIM(SUBSTITUTE(AA17,"員工代號:","")),FIND(" ",TRIM(SUBSTITUTE(AA17,"員工代號:","")))+1,255),1)&REPT("*",LEN(MID(TRIM(SUBSTITUTE(AA17,"員工代號:","")),FIND(" ",TRIM(SUBSTITUTE(AA17,"員工代號:","")))+1,255))-2)&RIGHT(MID(TRIM(SUBSTITUTE(AA17,"員工代號:","")),FIND(" ",TRIM(SUBSTITUTE(AA17,"員工代號:","")))+1,255),1)))) | C17: 46182 | D17: 二 | E17: 07:51 | F17: 19:41 | G17: 0.32708333 | H17: 0.82013889 | I17: 0.8125 | J17: 0.48541667 | K17: 1 | L17: 2026-06 | AA17: 員工代號:97668 郭靖
A18: 17 | B18: =IF(AA18="","",IF(ISNUMBER(SEARCH("員工代號:",AA18)),"員工代號:","")&LEFT(LEFT(TRIM(SUBSTITUTE(AA18,"員工代號:","")),FIND(" ",TRIM(SUBSTITUTE(AA18,"員工代號:","")))-1),2)&REPT("*",MAX(1,LEN(LEFT(TRIM(SUBSTITUTE(AA18,"員工代號:","")),FIND(" ",TRIM(SUBSTITUTE(AA18,"員工代號:","")))-1))-4))&RIGHT(LEFT(TRIM(SUBSTITUTE(AA18,"員工代號:","")),FIND(" ",TRIM(SUBSTITUTE(AA18,"員工代號:","")))-1),2)&" "&IF(LEN(MID(TRIM(SUBSTITUTE(AA18,"員工代號:","")),FIND(" ",TRIM(SUBSTITUTE(AA18,"員工代號:","")))+1,255))<=1,"*",IF(LEN(MID(TRIM(SUBSTITUTE(AA18,"員工代號:","")),FIND(" ",TRIM(SUBSTITUTE(AA18,"員工代號:","")))+1,255))=2,LEFT(MID(TRIM(SUBSTITUTE(AA18,"員工代號:","")),FIND(" ",TRIM(SUBSTITUTE(AA18,"員工代號:","")))+1,255),1)&"*",LEFT(MID(TRIM(SUBSTITUTE(AA18,"員工代號:","")),FIND(" ",TRIM(SUBSTITUTE(AA18,"員工代號:","")))+1,255),1)&REPT("*",LEN(MID(TRIM(SUBSTITUTE(AA18,"員工代號:","")),FIND(" ",TRIM(SUBSTITUTE(AA18,"員工代號:","")))+1,255))-2)&RIGHT(MID(TRIM(SUBSTITUTE(AA18,"員工代號:","")),FIND(" ",TRIM(SUBSTITUTE(AA18,"員工代號:","")))+1,255),1)))) | C18: 46182 | D18: 二 | E18: 14:27 | F18: 早退15:39 | G18: 0.60208333 | H18: 0.65208333 | I18: 0.65208333 | J18: 0.05 | K18: 0 | L18: 2026-06 | AA18: 員工代號:97668 郭靖
A19: 18 | B19: =IF(AA19="","",IF(ISNUMBER(SEARCH("員工代號:",AA19)),"員工代號:","")&LEFT(LEFT(TRIM(SUBSTITUTE(AA19,"員工代號:","")),FIND(" ",TRIM(SUBSTITUTE(AA19,"員工代號:","")))-1),2)&REPT("*",MAX(1,LEN(LEFT(TRIM(SUBSTITUTE(AA19,"員工代號:","")),FIND(" ",TRIM(SUBSTITUTE(AA19,"員工代號:","")))-1))-4))&RIGHT(LEFT(TRIM(SUBSTITUTE(AA19,"員工代號:","")),FIND(" ",TRIM(SUBSTITUTE(AA19,"員工代號:","")))-1),2)&" "&IF(LEN(MID(TRIM(SUBSTITUTE(AA19,"員工代號:","")),FIND(" ",TRIM(SUBSTITUTE(AA19,"員工代號:","")))+1,255))<=1,"*",IF(LEN(MID(TRIM(SUBSTITUTE(AA19,"員工代號:","")),FIND(" ",TRIM(SUBSTITUTE(AA19,"員工代號:","")))+1,255))=2,LEFT(MID(TRIM(SUBSTITUTE(AA19,"員工代號:","")),FIND(" ",TRIM(SUBSTITUTE(AA19,"員工代號:","")))+1,255),1)&"*",LEFT(MID(TRIM(SUBSTITUTE(AA19,"員工代號:","")),FIND(" ",TRIM(SUBSTITUTE(AA19,"員工代號:","")))+1,255),1)&REPT("*",LEN(MID(TRIM(SUBSTITUTE(AA19,"員工代號:","")),FIND(" ",TRIM(SUBSTITUTE(AA19,"員工代號:","")))+1,255))-2)&RIGHT(MID(TRIM(SUBSTITUTE(AA19,"員工代號:","")),FIND(" ",TRIM(SUBSTITUTE(AA19,"員工代號:","")))+1,255),1)))) | C19: 46183 | D19: 三 | E19: 07:51 | F19: 17:08 | G19: 0.32708333 | H19: 0.71388889 | I19: 0.71388889 | J19: 0.38680556 | K19: 1 | L19: 2026-06 | AA19: 員工代號:97668 郭靖
A20: 19 | B20: =IF(AA20="","",IF(ISNUMBER(SEARCH("員工代號:",AA20)),"員工代號:","")&LEFT(LEFT(TRIM(SUBSTITUTE(AA20,"員工代號:","")),FIND(" ",TRIM(SUBSTITUTE(AA20,"員工代號:","")))-1),2)&REPT("*",MAX(1,LEN(LEFT(TRIM(SUBSTITUTE(AA20,"員工代號:","")),FIND(" ",TRIM(SUBSTITUTE(AA20,"員工代號:","")))-1))-4))&RIGHT(LEFT(TRIM(SUBSTITUTE(AA20,"員工代號:","")),FIND(" ",TRIM(SUBSTITUTE(AA20,"員工代號:","")))-1),2)&" "&IF(LEN(MID(TRIM(SUBSTITUTE(AA20,"員工代號:","")),FIND(" ",TRIM(SUBSTITUTE(AA20,"員工代號:","")))+1,255))<=1,"*",IF(LEN(MID(TRIM(SUBSTITUTE(AA20,"員工代號:","")),FIND(" ",TRIM(SUBSTITUTE(AA20,"員工代號:","")))+1,255))=2,LEFT(MID(TRIM(SUBSTITUTE(AA20,"員工代號:","")),FIND(" ",TRIM(SUBSTITUTE(AA20,"員工代號:","")))+1,255),1)&"*",LEFT(MID(TRIM(SUBSTITUTE(AA20,"員工代號:","")),FIND(" ",TRIM(SUBSTITUTE(AA20,"員工代號:","")))+1,255),1)&REPT("*",LEN(MID(TRIM(SUBSTITUTE(AA20,"員工代號:","")),FIND(" ",TRIM(SUBSTITUTE(AA20,"員工代號:","")))+1,255))-2)&RIGHT(MID(TRIM(SUBSTITUTE(AA20,"員工代號:","")),FIND(" ",TRIM(SUBSTITUTE(AA20,"員工代號:","")))+1,255),1)))) | C20: 46184 | D20: 四 | E20: 07:56 | F20: 20:02 | G20: 0.33055556 | H20: 0.83472222 | I20: 0.8125 | J20: 0.48194444 | K20: 1 | L20: 2026-06 | AA20: 員工代號:97668 郭靖
A21: 20 | B21: =IF(AA21="","",IF(ISNUMBER(SEARCH("員工代號:",AA21)),"員工代號:","")&LEFT(LEFT(TRIM(SUBSTITUTE(AA21,"員工代號:","")),FIND(" ",TRIM(SUBSTITUTE(AA21,"員工代號:","")))-1),2)&REPT("*",MAX(1,LEN(LEFT(TRIM(SUBSTITUTE(AA21,"員工代號:","")),FIND(" ",TRIM(SUBSTITUTE(AA21,"員工代號:","")))-1))-4))&RIGHT(LEFT(TRIM(SUBSTITUTE(AA21,"員工代號:","")),FIND(" ",TRIM(SUBSTITUTE(AA21,"員工代號:","")))-1),2)&" "&IF(LEN(MID(TRIM(SUBSTITUTE(AA21,"員工代號:","")),FIND(" ",TRIM(SUBSTITUTE(AA21,"員工代號:","")))+1,255))<=1,"*",IF(LEN(MID(TRIM(SUBSTITUTE(AA21,"員工代號:","")),FIND(" ",TRIM(SUBSTITUTE(AA21,"員工代號:","")))+1,255))=2,LEFT(MID(TRIM(SUBSTITUTE(AA21,"員工代號:","")),FIND(" ",TRIM(SUBSTITUTE(AA21,"員工代號:","")))+1,255),1)&"*",LEFT(MID(TRIM(SUBSTITUTE(AA21,"員工代號:","")),FIND(" ",TRIM(SUBSTITUTE(AA21,"員工代號:","")))+1,255),1)&REPT("*",LEN(MID(TRIM(SUBSTITUTE(AA21,"員工代號:","")),FIND(" ",TRIM(SUBSTITUTE(AA21,"員工代號:","")))+1,255))-2)&RIGHT(MID(TRIM(SUBSTITUTE(AA21,"員工代號:","")),FIND(" ",TRIM(SUBSTITUTE(AA21,"員工代號:","")))+1,255),1)))) | C21: 46185 | D21: 五 | E21: 07:55 | F21: 20:36 | G21: 0.32986111 | H21: 0.85833333 | I21: 0.8125 | J21: 0.48263889 | K21: 1 | L21: 2026-06 | AA21: 員工代號:97668 郭靖
A22: 21 | B22: =IF(AA22="","",IF(ISNUMBER(SEARCH("員工代號:",AA22)),"員工代號:","")&LEFT(LEFT(TRIM(SUBSTITUTE(AA22,"員工代號:","")),FIND(" ",TRIM(SUBSTITUTE(AA22,"員工代號:","")))-1),2)&REPT("*",MAX(1,LEN(LEFT(TRIM(SUBSTITUTE(AA22,"員工代號:","")),FIND(" ",TRIM(SUBSTITUTE(AA22,"員工代號:","")))-1))-4))&RIGHT(LEFT(TRIM(SUBSTITUTE(AA22,"員工代號:","")),FIND(" ",TRIM(SUBSTITUTE(AA22,"員工代號:","")))-1),2)&" "&IF(LEN(MID(TRIM(SUBSTITUTE(AA22,"員工代號:","")),FIND(" ",TRIM(SUBSTITUTE(AA22,"員工代號:","")))+1,255))<=1,"*",IF(LEN(MID(TRIM(SUBSTITUTE(AA22,"員工代號:","")),FIND(" ",TRIM(SUBSTITUTE(AA22,"員工代號:","")))+1,255))=2,LEFT(MID(TRIM(SUBSTITUTE(AA22,"員工代號:","")),FIND(" ",TRIM(SUBSTITUTE(AA22,"員工代號:","")))+1,255),1)&"*",LEFT(MID(TRIM(SUBSTITUTE(AA22,"員工代號:","")),FIND(" ",TRIM(SUBSTITUTE(AA22,"員工代號:","")))+1,255),1)&REPT("*",LEN(MID(TRIM(SUBSTITUTE(AA22,"員工代號:","")),FIND(" ",TRIM(SUBSTITUTE(AA22,"員工代號:","")))+1,255))-2)&RIGHT(MID(TRIM(SUBSTITUTE(AA22,"員工代號:","")),FIND(" ",TRIM(SUBSTITUTE(AA22,"員工代號:","")))+1,255),1)))) | C22: 46186 | D22: 六 | L22: 2026-06 | AA22: 員工代號:97668 郭靖
A23: 22 | B23: =IF(AA23="","",IF(ISNUMBER(SEARCH("員工代號:",AA23)),"員工代號:","")&LEFT(LEFT(TRIM(SUBSTITUTE(AA23,"員工代號:","")),FIND(" ",TRIM(SUBSTITUTE(AA23,"員工代號:","")))-1),2)&REPT("*",MAX(1,LEN(LEFT(TRIM(SUBSTITUTE(AA23,"員工代號:","")),FIND(" ",TRIM(SUBSTITUTE(AA23,"員工代號:","")))-1))-4))&RIGHT(LEFT(TRIM(SUBSTITUTE(AA23,"員工代號:","")),FIND(" ",TRIM(SUBSTITUTE(AA23,"員工代號:","")))-1),2)&" "&IF(LEN(MID(TRIM(SUBSTITUTE(AA23,"員工代號:","")),FIND(" ",TRIM(SUBSTITUTE(AA23,"員工代號:","")))+1,255))<=1,"*",IF(LEN(MID(TRIM(SUBSTITUTE(AA23,"員工代號:","")),FIND(" ",TRIM(SUBSTITUTE(AA23,"員工代號:","")))+1,255))=2,LEFT(MID(TRIM(SUBSTITUTE(AA23,"員工代號:","")),FIND(" ",TRIM(SUBSTITUTE(AA23,"員工代號:","")))+1,255),1)&"*",LEFT(MID(TRIM(SUBSTITUTE(AA23,"員工代號:","")),FIND(" ",TRIM(SUBSTITUTE(AA23,"員工代號:","")))+1,255),1)&REPT("*",LEN(MID(TRIM(SUBSTITUTE(AA23,"員工代號:","")),FIND(" ",TRIM(SUBSTITUTE(AA23,"員工代號:","")))+1,255))-2)&RIGHT(MID(TRIM(SUBSTITUTE(AA23,"員工代號:","")),FIND(" ",TRIM(SUBSTITUTE(AA23,"員工代號:","")))+1,255),1)))) | C23: 46187 | D23: 日 | L23: 2026-06 | AA23: 員工代號:97668 郭靖
A24: 23 | B24: =IF(AA24="","",IF(ISNUMBER(SEARCH("員工代號:",AA24)),"員工代號:","")&LEFT(LEFT(TRIM(SUBSTITUTE(AA24,"員工代號:","")),FIND(" ",TRIM(SUBSTITUTE(AA24,"員工代號:","")))-1),2)&REPT("*",MAX(1,LEN(LEFT(TRIM(SUBSTITUTE(AA24,"員工代號:","")),FIND(" ",TRIM(SUBSTITUTE(AA24,"員工代號:","")))-1))-4))&RIGHT(LEFT(TRIM(SUBSTITUTE(AA24,"員工代號:","")),FIND(" ",TRIM(SUBSTITUTE(AA24,"員工代號:","")))-1),2)&" "&IF(LEN(MID(TRIM(SUBSTITUTE(AA24,"員工代號:","")),FIND(" ",TRIM(SUBSTITUTE(AA24,"員工代號:","")))+1,255))<=1,"*",IF(LEN(MID(TRIM(SUBSTITUTE(AA24,"員工代號:","")),FIND(" ",TRIM(SUBSTITUTE(AA24,"員工代號:","")))+1,255))=2,LEFT(MID(TRIM(SUBSTITUTE(AA24,"員工代號:","")),FIND(" ",TRIM(SUBSTITUTE(AA24,"員工代號:","")))+1,255),1)&"*",LEFT(MID(TRIM(SUBSTITUTE(AA24,"員工代號:","")),FIND(" ",TRIM(SUBSTITUTE(AA24,"員工代號:","")))+1,255),1)&REPT("*",LEN(MID(TRIM(SUBSTITUTE(AA24,"員工代號:","")),FIND(" ",TRIM(SUBSTITUTE(AA24,"員工代號:","")))+1,255))-2)&RIGHT(MID(TRIM(SUBSTITUTE(AA24,"員工代號:","")),FIND(" ",TRIM(SUBSTITUTE(AA24,"員工代號:","")))+1,255),1)))) | C24: 46188 | D24: 一 | E24: 07:53 | F24: 19:34 | G24: 0.32847222 | H24: 0.81527778 | I24: 0.8125 | J24: 0.48402778 | K24: 1 | L24: 2026-06 | AA24: 員工代號:97668 郭靖
A25: 24 | B25: =IF(AA25="","",IF(ISNUMBER(SEARCH("員工代號:",AA25)),"員工代號:","")&LEFT(LEFT(TRIM(SUBSTITUTE(AA25,"員工代號:","")),FIND(" ",TRIM(SUBSTITUTE(AA25,"員工代號:","")))-1),2)&REPT("*",MAX(1,LEN(LEFT(TRIM(SUBSTITUTE(AA25,"員工代號:","")),FIND(" ",TRIM(SUBSTITUTE(AA25,"員工代號:","")))-1))-4))&RIGHT(LEFT(TRIM(SUBSTITUTE(AA25,"員工代號:","")),FIND(" ",TRIM(SUBSTITUTE(AA25,"員工代號:","")))-1),2)&" "&IF(LEN(MID(TRIM(SUBSTITUTE(AA25,"員工代號:","")),FIND(" ",TRIM(SUBSTITUTE(AA25,"員工代號:","")))+1,255))<=1,"*",IF(LEN(MID(TRIM(SUBSTITUTE(AA25,"員工代號:","")),FIND(" ",TRIM(SUBSTITUTE(AA25,"員工代號:","")))+1,255))=2,LEFT(MID(TRIM(SUBSTITUTE(AA25,"員工代號:","")),FIND(" ",TRIM(SUBSTITUTE(AA25,"員工代號:","")))+1,255),1)&"*",LEFT(MID(TRIM(SUBSTITUTE(AA25,"員工代號:","")),FIND(" ",TRIM(SUBSTITUTE(AA25,"員工代號:","")))+1,255),1)&REPT("*",LEN(MID(TRIM(SUBSTITUTE(AA25,"員工代號:","")),FIND(" ",TRIM(SUBSTITUTE(AA25,"員工代號:","")))+1,255))-2)&RIGHT(MID(TRIM(SUBSTITUTE(AA25,"員工代號:","")),FIND(" ",TRIM(SUBSTITUTE(AA25,"員工代號:","")))+1,255),1)))) | C25: 46189 | D25: 二 | E25: 07:55 | F25: 17:08 | G25: 0.32986111 | H25: 0.71388889 | I25: 0.71388889 | J25: 0.38402778 | K25: 1 | L25: 2026-06 | AA25: 員工代號:97668 郭靖
A26: 25 | B26: =IF(AA26="","",IF(ISNUMBER(SEARCH("員工代號:",AA26)),"員工代號:","")&LEFT(LEFT(TRIM(SUBSTITUTE(AA26,"員工代號:","")),FIND(" ",TRIM(SUBSTITUTE(AA26,"員工代號:","")))-1),2)&REPT("*",MAX(1,LEN(LEFT(TRIM(SUBSTITUTE(AA26,"員工代號:","")),FIND(" ",TRIM(SUBSTITUTE(AA26,"員工代號:","")))-1))-4))&RIGHT(LEFT(TRIM(SUBSTITUTE(AA26,"員工代號:","")),FIND(" ",TRIM(SUBSTITUTE(AA26,"員工代號:","")))-1),2)&" "&IF(LEN(MID(TRIM(SUBSTITUTE(AA26,"員工代號:","")),FIND(" ",TRIM(SUBSTITUTE(AA26,"員工代號:","")))+1,255))<=1,"*",IF(LEN(MID(TRIM(SUBSTITUTE(AA26,"員工代號:","")),FIND(" ",TRIM(SUBSTITUTE(AA26,"員工代號:","")))+1,255))=2,LEFT(MID(TRIM(SUBSTITUTE(AA26,"員工代號:","")),FIND(" ",TRIM(SUBSTITUTE(AA26,"員工代號:","")))+1,255),1)&"*",LEFT(MID(TRIM(SUBSTITUTE(AA26,"員工代號:","")),FIND(" ",TRIM(SUBSTITUTE(AA26,"員工代號:","")))+1,255),1)&REPT("*",LEN(MID(TRIM(SUBSTITUTE(AA26,"員工代號:","")),FIND(" ",TRIM(SUBSTITUTE(AA26,"員工代號:","")))+1,255))-2)&RIGHT(MID(TRIM(SUBSTITUTE(AA26,"員工代號:","")),FIND(" ",TRIM(SUBSTITUTE(AA26,"員工代號:","")))+1,255),1)))) | C26: 46190 | D26: 三 | E26: 07:56 | F26: 20:07 | G26: 0.33055556 | H26: 0.83819444 | I26: 0.8125 | J26: 0.48194444 | K26: 1 | L26: 2026-06 | AA26: 員工代號:97668 郭靖
A27: 26 | B27: =IF(AA27="","",IF(ISNUMBER(SEARCH("員工代號:",AA27)),"員工代號:","")&LEFT(LEFT(TRIM(SUBSTITUTE(AA27,"員工代號:","")),FIND(" ",TRIM(SUBSTITUTE(AA27,"員工代號:","")))-1),2)&REPT("*",MAX(1,LEN(LEFT(TRIM(SUBSTITUTE(AA27,"員工代號:","")),FIND(" ",TRIM(SUBSTITUTE(AA27,"員工代號:","")))-1))-4))&RIGHT(LEFT(TRIM(SUBSTITUTE(AA27,"員工代號:","")),FIND(" ",TRIM(SUBSTITUTE(AA27,"員工代號:","")))-1),2)&" "&IF(LEN(MID(TRIM(SUBSTITUTE(AA27,"員工代號:","")),FIND(" ",TRIM(SUBSTITUTE(AA27,"員工代號:","")))+1,255))<=1,"*",IF(LEN(MID(TRIM(SUBSTITUTE(AA27,"員工代號:","")),FIND(" ",TRIM(SUBSTITUTE(AA27,"員工代號:","")))+1,255))=2,LEFT(MID(TRIM(SUBSTITUTE(AA27,"員工代號:","")),FIND(" ",TRIM(SUBSTITUTE(AA27,"員工代號:","")))+1,255),1)&"*",LEFT(MID(TRIM(SUBSTITUTE(AA27,"員工代號:","")),FIND(" ",TRIM(SUBSTITUTE(AA27,"員工代號:","")))+1,255),1)&REPT("*",LEN(MID(TRIM(SUBSTITUTE(AA27,"員工代號:","")),FIND(" ",TRIM(SUBSTITUTE(AA27,"員工代號:","")))+1,255))-2)&RIGHT(MID(TRIM(SUBSTITUTE(AA27,"員工代號:","")),FIND(" ",TRIM(SUBSTITUTE(AA27,"員工代號:","")))+1,255),1)))) | C27: 46191 | D27: 四 | E27: 07:53 | F27: 17:09 | G27: 0.32847222 | H27: 0.71458333 | I27: 0.71458333 | J27: 0.38611111 | K27: 1 | L27: 2026-06 | AA27: 員工代號:97668 郭靖
A28: 27 | B28: =IF(AA28="","",IF(ISNUMBER(SEARCH("員工代號:",AA28)),"員工代號:","")&LEFT(LEFT(TRIM(SUBSTITUTE(AA28,"員工代號:","")),FIND(" ",TRIM(SUBSTITUTE(AA28,"員工代號:","")))-1),2)&REPT("*",MAX(1,LEN(LEFT(TRIM(SUBSTITUTE(AA28,"員工代號:","")),FIND(" ",TRIM(SUBSTITUTE(AA28,"員工代號:","")))-1))-4))&RIGHT(LEFT(TRIM(SUBSTITUTE(AA28,"員工代號:","")),FIND(" ",TRIM(SUBSTITUTE(AA28,"員工代號:","")))-1),2)&" "&IF(LEN(MID(TRIM(SUBSTITUTE(AA28,"員工代號:","")),FIND(" ",TRIM(SUBSTITUTE(AA28,"員工代號:","")))+1,255))<=1,"*",IF(LEN(MID(TRIM(SUBSTITUTE(AA28,"員工代號:","")),FIND(" ",TRIM(SUBSTITUTE(AA28,"員工代號:","")))+1,255))=2,LEFT(MID(TRIM(SUBSTITUTE(AA28,"員工代號:","")),FIND(" ",TRIM(SUBSTITUTE(AA28,"員工代號:","")))+1,255),1)&"*",LEFT(MID(TRIM(SUBSTITUTE(AA28,"員工代號:","")),FIND(" ",TRIM(SUBSTITUTE(AA28,"員工代號:","")))+1,255),1)&REPT("*",LEN(MID(TRIM(SUBSTITUTE(AA28,"員工代號:","")),FIND(" ",TRIM(SUBSTITUTE(AA28,"員工代號:","")))+1,255))-2)&RIGHT(MID(TRIM(SUBSTITUTE(AA28,"員工代號:","")),FIND(" ",TRIM(SUBSTITUTE(AA28,"員工代號:","")))+1,255),1)))) | C28: 46192 | D28: 五 | L28: 2026-06 | AA28: 員工代號:97668 郭靖
A29: 28 | B29: =IF(AA29="","",IF(ISNUMBER(SEARCH("員工代號:",AA29)),"員工代號:","")&LEFT(LEFT(TRIM(SUBSTITUTE(AA29,"員工代號:","")),FIND(" ",TRIM(SUBSTITUTE(AA29,"員工代號:","")))-1),2)&REPT("*",MAX(1,LEN(LEFT(TRIM(SUBSTITUTE(AA29,"員工代號:","")),FIND(" ",TRIM(SUBSTITUTE(AA29,"員工代號:","")))-1))-4))&RIGHT(LEFT(TRIM(SUBSTITUTE(AA29,"員工代號:","")),FIND(" ",TRIM(SUBSTITUTE(AA29,"員工代號:","")))-1),2)&" "&IF(LEN(MID(TRIM(SUBSTITUTE(AA29,"員工代號:","")),FIND(" ",TRIM(SUBSTITUTE(AA29,"員工代號:","")))+1,255))<=1,"*",IF(LEN(MID(TRIM(SUBSTITUTE(AA29,"員工代號:","")),FIND(" ",TRIM(SUBSTITUTE(AA29,"員工代號:","")))+1,255))=2,LEFT(MID(TRIM(SUBSTITUTE(AA29,"員工代號:","")),FIND(" ",TRIM(SUBSTITUTE(AA29,"員工代號:","")))+1,255),1)&"*",LEFT(MID(TRIM(SUBSTITUTE(AA29,"員工代號:","")),FIND(" ",TRIM(SUBSTITUTE(AA29,"員工代號:","")))+1,255),1)&REPT("*",LEN(MID(TRIM(SUBSTITUTE(AA29,"員工代號:","")),FIND(" ",TRIM(SUBSTITUTE(AA29,"員工代號:","")))+1,255))-2)&RIGHT(MID(TRIM(SUBSTITUTE(AA29,"員工代號:","")),FIND(" ",TRIM(SUBSTITUTE(AA29,"員工代號:","")))+1,255),1)))) | C29: 46193 | D29: 六 | L29: 2026-06 | AA29: 員工代號:97668 郭靖
A30: 29 | B30: =IF(AA30="","",IF(ISNUMBER(SEARCH("員工代號:",AA30)),"員工代號:","")&LEFT(LEFT(TRIM(SUBSTITUTE(AA30,"員工代號:","")),FIND(" ",TRIM(SUBSTITUTE(AA30,"員工代號:","")))-1),2)&REPT("*",MAX(1,LEN(LEFT(TRIM(SUBSTITUTE(AA30,"員工代號:","")),FIND(" ",TRIM(SUBSTITUTE(AA30,"員工代號:","")))-1))-4))&RIGHT(LEFT(TRIM(SUBSTITUTE(AA30,"員工代號:","")),FIND(" ",TRIM(SUBSTITUTE(AA30,"員工代號:","")))-1),2)&" "&IF(LEN(MID(TRIM(SUBSTITUTE(AA30,"員工代號:","")),FIND(" ",TRIM(SUBSTITUTE(AA30,"員工代號:","")))+1,255))<=1,"*",IF(LEN(MID(TRIM(SUBSTITUTE(AA30,"員工代號:","")),FIND(" ",TRIM(SUBSTITUTE(AA30,"員工代號:","")))+1,255))=2,LEFT(MID(TRIM(SUBSTITUTE(AA30,"員工代號:","")),FIND(" ",TRIM(SUBSTITUTE(AA30,"員工代號:","")))+1,255),1)&"*",LEFT(MID(TRIM(SUBSTITUTE(AA30,"員工代號:","")),FIND(" ",TRIM(SUBSTITUTE(AA30,"員工代號:","")))+1,255),1)&REPT("*",LEN(MID(TRIM(SUBSTITUTE(AA30,"員工代號:","")),FIND(" ",TRIM(SUBSTITUTE(AA30,"員工代號:","")))+1,255))-2)&RIGHT(MID(TRIM(SUBSTITUTE(AA30,"員工代號:","")),FIND(" ",TRIM(SUBSTITUTE(AA30,"員工代號:","")))+1,255),1)))) | C30: 46194 | D30: 日 | L30: 2026-06 | AA30: 員工代號:97668 郭靖
A31: 30 | B31: =IF(AA31="","",IF(ISNUMBER(SEARCH("員工代號:",AA31)),"員工代號:","")&LEFT(LEFT(TRIM(SUBSTITUTE(AA31,"員工代號:","")),FIND(" ",TRIM(SUBSTITUTE(AA31,"員工代號:","")))-1),2)&REPT("*",MAX(1,LEN(LEFT(TRIM(SUBSTITUTE(AA31,"員工代號:","")),FIND(" ",TRIM(SUBSTITUTE(AA31,"員工代號:","")))-1))-4))&RIGHT(LEFT(TRIM(SUBSTITUTE(AA31,"員工代號:","")),FIND(" ",TRIM(SUBSTITUTE(AA31,"員工代號:","")))-1),2)&" "&IF(LEN(MID(TRIM(SUBSTITUTE(AA31,"員工代號:","")),FIND(" ",TRIM(SUBSTITUTE(AA31,"員工代號:","")))+1,255))<=1,"*",IF(LEN(MID(TRIM(SUBSTITUTE(AA31,"員工代號:","")),FIND(" ",TRIM(SUBSTITUTE(AA31,"員工代號:","")))+1,255))=2,LEFT(MID(TRIM(SUBSTITUTE(AA31,"員工代號:","")),FIND(" ",TRIM(SUBSTITUTE(AA31,"員工代號:","")))+1,255),1)&"*",LEFT(MID(TRIM(SUBSTITUTE(AA31,"員工代號:","")),FIND(" ",TRIM(SUBSTITUTE(AA31,"員工代號:","")))+1,255),1)&REPT("*",LEN(MID(TRIM(SUBSTITUTE(AA31,"員工代號:","")),FIND(" ",TRIM(SUBSTITUTE(AA31,"員工代號:","")))+1,255))-2)&RIGHT(MID(TRIM(SUBSTITUTE(AA31,"員工代號:","")),FIND(" ",TRIM(SUBSTITUTE(AA31,"員工代號:","")))+1,255),1)))) | C31: 46195 | D31: 一 | E31: 07:53 | F31: 19:34 | G31: 0.32847222 | H31: 0.81527778 | I31: 0.8125 | J31: 0.48402778 | K31: 1 | L31: 2026-06 | AA31: 員工代號:97668 郭靖
A32: 31 | B32: =IF(AA32="","",IF(ISNUMBER(SEARCH("員工代號:",AA32)),"員工代號:","")&LEFT(LEFT(TRIM(SUBSTITUTE(AA32,"員工代號:","")),FIND(" ",TRIM(SUBSTITUTE(AA32,"員工代號:","")))-1),2)&REPT("*",MAX(1,LEN(LEFT(TRIM(SUBSTITUTE(AA32,"員工代號:","")),FIND(" ",TRIM(SUBSTITUTE(AA32,"員工代號:","")))-1))-4))&RIGHT(LEFT(TRIM(SUBSTITUTE(AA32,"員工代號:","")),FIND(" ",TRIM(SUBSTITUTE(AA32,"員工代號:","")))-1),2)&" "&IF(LEN(MID(TRIM(SUBSTITUTE(AA32,"員工代號:","")),FIND(" ",TRIM(SUBSTITUTE(AA32,"員工代號:","")))+1,255))<=1,"*",IF(LEN(MID(TRIM(SUBSTITUTE(AA32,"員工代號:","")),FIND(" ",TRIM(SUBSTITUTE(AA32,"員工代號:","")))+1,255))=2,LEFT(MID(TRIM(SUBSTITUTE(AA32,"員工代號:","")),FIND(" ",TRIM(SUBSTITUTE(AA32,"員工代號:","")))+1,255),1)&"*",LEFT(MID(TRIM(SUBSTITUTE(AA32,"員工代號:","")),FIND(" ",TRIM(SUBSTITUTE(AA32,"員工代號:","")))+1,255),1)&REPT("*",LEN(MID(TRIM(SUBSTITUTE(AA32,"員工代號:","")),FIND(" ",TRIM(SUBSTITUTE(AA32,"員工代號:","")))+1,255))-2)&RIGHT(MID(TRIM(SUBSTITUTE(AA32,"員工代號:","")),FIND(" ",TRIM(SUBSTITUTE(AA32,"員工代號:","")))+1,255),1)))) | C32: 46196 | D32: 二 | E32: 07:53 | F32: 19:33 | G32: 0.32847222 | H32: 0.81458333 | I32: 0.8125 | J32: 0.48402778 | K32: 1 | L32: 2026-06 | AA32: 員工代號:97668 郭靖
A33: 32 | B33: =IF(AA33="","",IF(ISNUMBER(SEARCH("員工代號:",AA33)),"員工代號:","")&LEFT(LEFT(TRIM(SUBSTITUTE(AA33,"員工代號:","")),FIND(" ",TRIM(SUBSTITUTE(AA33,"員工代號:","")))-1),2)&REPT("*",MAX(1,LEN(LEFT(TRIM(SUBSTITUTE(AA33,"員工代號:","")),FIND(" ",TRIM(SUBSTITUTE(AA33,"員工代號:","")))-1))-4))&RIGHT(LEFT(TRIM(SUBSTITUTE(AA33,"員工代號:","")),FIND(" ",TRIM(SUBSTITUTE(AA33,"員工代號:","")))-1),2)&" "&IF(LEN(MID(TRIM(SUBSTITUTE(AA33,"員工代號:","")),FIND(" ",TRIM(SUBSTITUTE(AA33,"員工代號:","")))+1,255))<=1,"*",IF(LEN(MID(TRIM(SUBSTITUTE(AA33,"員工代號:","")),FIND(" ",TRIM(SUBSTITUTE(AA33,"員工代號:","")))+1,255))=2,LEFT(MID(TRIM(SUBSTITUTE(AA33,"員工代號:","")),FIND(" ",TRIM(SUBSTITUTE(AA33,"員工代號:","")))+1,255),1)&"*",LEFT(MID(TRIM(SUBSTITUTE(AA33,"員工代號:","")),FIND(" ",TRIM(SUBSTITUTE(AA33,"員工代號:","")))+1,255),1)&REPT("*",LEN(MID(TRIM(SUBSTITUTE(AA33,"員工代號:","")),FIND(" ",TRIM(SUBSTITUTE(AA33,"員工代號:","")))+1,255))-2)&RIGHT(MID(TRIM(SUBSTITUTE(AA33,"員工代號:","")),FIND(" ",TRIM(SUBSTITUTE(AA33,"員工代號:","")))+1,255),1)))) | C33: 46197 | D33: 三 | E33: 07:56 | F33: 17:07 | G33: 0.33055556 | H33: 0.71319444 | I33: 0.71319444 | J33: 0.38263889 | K33: 1 | L33: 2026-06 | AA33: 員工代號:97668 郭靖
A34: 33 | B34: =IF(AA34="","",IF(ISNUMBER(SEARCH("員工代號:",AA34)),"員工代號:","")&LEFT(LEFT(TRIM(SUBSTITUTE(AA34,"員工代號:","")),FIND(" ",TRIM(SUBSTITUTE(AA34,"員工代號:","")))-1),2)&REPT("*",MAX(1,LEN(LEFT(TRIM(SUBSTITUTE(AA34,"員工代號:","")),FIND(" ",TRIM(SUBSTITUTE(AA34,"員工代號:","")))-1))-4))&RIGHT(LEFT(TRIM(SUBSTITUTE(AA34,"員工代號:","")),FIND(" ",TRIM(SUBSTITUTE(AA34,"員工代號:","")))-1),2)&" "&IF(LEN(MID(TRIM(SUBSTITUTE(AA34,"員工代號:","")),FIND(" ",TRIM(SUBSTITUTE(AA34,"員工代號:","")))+1,255))<=1,"*",IF(LEN(MID(TRIM(SUBSTITUTE(AA34,"員工代號:","")),FIND(" ",TRIM(SUBSTITUTE(AA34,"員工代號:","")))+1,255))=2,LEFT(MID(TRIM(SUBSTITUTE(AA34,"員工代號:","")),FIND(" ",TRIM(SUBSTITUTE(AA34,"員工代號:","")))+1,255),1)&"*",LEFT(MID(TRIM(SUBSTITUTE(AA34,"員工代號:","")),FIND(" ",TRIM(SUBSTITUTE(AA34,"員工代號:","")))+1,255),1)&REPT("*",LEN(MID(TRIM(SUBSTITUTE(AA34,"員工代號:","")),FIND(" ",TRIM(SUBSTITUTE(AA34,"員工代號:","")))+1,255))-2)&RIGHT(MID(TRIM(SUBSTITUTE(AA34,"員工代號:","")),FIND(" ",TRIM(SUBSTITUTE(AA34,"員工代號:","")))+1,255),1)))) | C34: 46198 | D34: 四 | E34: 07:55 | F34: 20:36 | G34: 0.32986111 | H34: 0.85833333 | I34: 0.8125 | J34: 0.48263889 | K34: 1 | L34: 2026-06 | AA34: 員工代號:97668 郭靖
A35: 34 | B35: =IF(AA35="","",IF(ISNUMBER(SEARCH("員工代號:",AA35)),"員工代號:","")&LEFT(LEFT(TRIM(SUBSTITUTE(AA35,"員工代號:","")),FIND(" ",TRIM(SUBSTITUTE(AA35,"員工代號:","")))-1),2)&REPT("*",MAX(1,LEN(LEFT(TRIM(SUBSTITUTE(AA35,"員工代號:","")),FIND(" ",TRIM(SUBSTITUTE(AA35,"員工代號:","")))-1))-4))&RIGHT(LEFT(TRIM(SUBSTITUTE(AA35,"員工代號:","")),FIND(" ",TRIM(SUBSTITUTE(AA35,"員工代號:","")))-1),2)&" "&IF(LEN(MID(TRIM(SUBSTITUTE(AA35,"員工代號:","")),FIND(" ",TRIM(SUBSTITUTE(AA35,"員工代號:","")))+1,255))<=1,"*",IF(LEN(MID(TRIM(SUBSTITUTE(AA35,"員工代號:","")),FIND(" ",TRIM(SUBSTITUTE(AA35,"員工代號:","")))+1,255))=2,LEFT(MID(TRIM(SUBSTITUTE(AA35,"員工代號:","")),FIND(" ",TRIM(SUBSTITUTE(AA35,"員工代號:","")))+1,255),1)&"*",LEFT(MID(TRIM(SUBSTITUTE(AA35,"員工代號:","")),FIND(" ",TRIM(SUBSTITUTE(AA35,"員工代號:","")))+1,255),1)&REPT("*",LEN(MID(TRIM(SUBSTITUTE(AA35,"員工代號:","")),FIND(" ",TRIM(SUBSTITUTE(AA35,"員工代號:","")))+1,255))-2)&RIGHT(MID(TRIM(SUBSTITUTE(AA35,"員工代號:","")),FIND(" ",TRIM(SUBSTITUTE(AA35,"員工代號:","")))+1,255),1)))) | C35: 46199 | D35: 五 | E35: 07:55 | F35: 17:07 | G35: 0.32986111 | H35: 0.71319444 | I35: 0.71319444 | J35: 0.38333333 | K35: 1 | L35: 2026-06 | AA35: 員工代號:97668 郭靖
A36: 35 | B36: =IF(AA36="","",IF(ISNUMBER(SEARCH("員工代號:",AA36)),"員工代號:","")&LEFT(LEFT(TRIM(SUBSTITUTE(AA36,"員工代號:","")),FIND(" ",TRIM(SUBSTITUTE(AA36,"員工代號:","")))-1),2)&REPT("*",MAX(1,LEN(LEFT(TRIM(SUBSTITUTE(AA36,"員工代號:","")),FIND(" ",TRIM(SUBSTITUTE(AA36,"員工代號:","")))-1))-4))&RIGHT(LEFT(TRIM(SUBSTITUTE(AA36,"員工代號:","")),FIND(" ",TRIM(SUBSTITUTE(AA36,"員工代號:","")))-1),2)&" "&IF(LEN(MID(TRIM(SUBSTITUTE(AA36,"員工代號:","")),FIND(" ",TRIM(SUBSTITUTE(AA36,"員工代號:","")))+1,255))<=1,"*",IF(LEN(MID(TRIM(SUBSTITUTE(AA36,"員工代號:","")),FIND(" ",TRIM(SUBSTITUTE(AA36,"員工代號:","")))+1,255))=2,LEFT(MID(TRIM(SUBSTITUTE(AA36,"員工代號:","")),FIND(" ",TRIM(SUBSTITUTE(AA36,"員工代號:","")))+1,255),1)&"*",LEFT(MID(TRIM(SUBSTITUTE(AA36,"員工代號:","")),FIND(" ",TRIM(SUBSTITUTE(AA36,"員工代號:","")))+1,255),1)&REPT("*",LEN(MID(TRIM(SUBSTITUTE(AA36,"員工代號:","")),FIND(" ",TRIM(SUBSTITUTE(AA36,"員工代號:","")))+1,255))-2)&RIGHT(MID(TRIM(SUBSTITUTE(AA36,"員工代號:","")),FIND(" ",TRIM(SUBSTITUTE(AA36,"員工代號:","")))+1,255),1)))) | C36: 46200 | D36: 六 | E36: 遲到08:04 | F36: 早退15:08 | G36: 0.33611111 | H36: 0.63055556 | I36: 0.63055556 | L36: 2026-06 | AA36: 員工代號:97668 郭靖
A37: 36 | B37: =IF(AA37="","",IF(ISNUMBER(SEARCH("員工代號:",AA37)),"員工代號:","")&LEFT(LEFT(TRIM(SUBSTITUTE(AA37,"員工代號:","")),FIND(" ",TRIM(SUBSTITUTE(AA37,"員工代號:","")))-1),2)&REPT("*",MAX(1,LEN(LEFT(TRIM(SUBSTITUTE(AA37,"員工代號:","")),FIND(" ",TRIM(SUBSTITUTE(AA37,"員工代號:","")))-1))-4))&RIGHT(LEFT(TRIM(SUBSTITUTE(AA37,"員工代號:","")),FIND(" ",TRIM(SUBSTITUTE(AA37,"員工代號:","")))-1),2)&" "&IF(LEN(MID(TRIM(SUBSTITUTE(AA37,"員工代號:","")),FIND(" ",TRIM(SUBSTITUTE(AA37,"員工代號:","")))+1,255))<=1,"*",IF(LEN(MID(TRIM(SUBSTITUTE(AA37,"員工代號:","")),FIND(" ",TRIM(SUBSTITUTE(AA37,"員工代號:","")))+1,255))=2,LEFT(MID(TRIM(SUBSTITUTE(AA37,"員工代號:","")),FIND(" ",TRIM(SUBSTITUTE(AA37,"員工代號:","")))+1,255),1)&"*",LEFT(MID(TRIM(SUBSTITUTE(AA37,"員工代號:","")),FIND(" ",TRIM(SUBSTITUTE(AA37,"員工代號:","")))+1,255),1)&REPT("*",LEN(MID(TRIM(SUBSTITUTE(AA37,"員工代號:","")),FIND(" ",TRIM(SUBSTITUTE(AA37,"員工代號:","")))+1,255))-2)&RIGHT(MID(TRIM(SUBSTITUTE(AA37,"員工代號:","")),FIND(" ",TRIM(SUBSTITUTE(AA37,"員工代號:","")))+1,255),1)))) | C37: 46201 | D37: 日 | L37: 2026-06 | AA37: 員工代號:97668 郭靖
A38: 37 | B38: =IF(AA38="","",IF(ISNUMBER(SEARCH("員工代號:",AA38)),"員工代號:","")&LEFT(LEFT(TRIM(SUBSTITUTE(AA38,"員工代號:","")),FIND(" ",TRIM(SUBSTITUTE(AA38,"員工代號:","")))-1),2)&REPT("*",MAX(1,LEN(LEFT(TRIM(SUBSTITUTE(AA38,"員工代號:","")),FIND(" ",TRIM(SUBSTITUTE(AA38,"員工代號:","")))-1))-4))&RIGHT(LEFT(TRIM(SUBSTITUTE(AA38,"員工代號:","")),FIND(" ",TRIM(SUBSTITUTE(AA38,"員工代號:","")))-1),2)&" "&IF(LEN(MID(TRIM(SUBSTITUTE(AA38,"員工代號:","")),FIND(" ",TRIM(SUBSTITUTE(AA38,"員工代號:","")))+1,255))<=1,"*",IF(LEN(MID(TRIM(SUBSTITUTE(AA38,"員工代號:","")),FIND(" ",TRIM(SUBSTITUTE(AA38,"員工代號:","")))+1,255))=2,LEFT(MID(TRIM(SUBSTITUTE(AA38,"員工代號:","")),FIND(" ",TRIM(SUBSTITUTE(AA38,"員工代號:","")))+1,255),1)&"*",LEFT(MID(TRIM(SUBSTITUTE(AA38,"員工代號:","")),FIND(" ",TRIM(SUBSTITUTE(AA38,"員工代號:","")))+1,255),1)&REPT("*",LEN(MID(TRIM(SUBSTITUTE(AA38,"員工代號:","")),FIND(" ",TRIM(SUBSTITUTE(AA38,"員工代號:","")))+1,255))-2)&RIGHT(MID(TRIM(SUBSTITUTE(AA38,"員工代號:","")),FIND(" ",TRIM(SUBSTITUTE(AA38,"員工代號:","")))+1,255),1)))) | C38: 46202 | D38: 一 | E38: 遲到08:25 | F38: 17:03 | G38: 0.35069444 | H38: 0.71041667 | I38: 0.71041667 | J38: 0.35972222 | K38: 1 | L38: 2026-06 | AA38: 員工代號:97668 郭靖
A39: 38 | B39: =IF(AA39="","",IF(ISNUMBER(SEARCH("員工代號:",AA39)),"員工代號:","")&LEFT(LEFT(TRIM(SUBSTITUTE(AA39,"員工代號:","")),FIND(" ",TRIM(SUBSTITUTE(AA39,"員工代號:","")))-1),2)&REPT("*",MAX(1,LEN(LEFT(TRIM(SUBSTITUTE(AA39,"員工代號:","")),FIND(" ",TRIM(SUBSTITUTE(AA39,"員工代號:","")))-1))-4))&RIGHT(LEFT(TRIM(SUBSTITUTE(AA39,"員工代號:","")),FIND(" ",TRIM(SUBSTITUTE(AA39,"員工代號:","")))-1),2)&" "&IF(LEN(MID(TRIM(SUBSTITUTE(AA39,"員工代號:","")),FIND(" ",TRIM(SUBSTITUTE(AA39,"員工代號:","")))+1,255))<=1,"*",IF(LEN(MID(TRIM(SUBSTITUTE(AA39,"員工代號:","")),FIND(" ",TRIM(SUBSTITUTE(AA39,"員工代號:","")))+1,255))=2,LEFT(MID(TRIM(SUBSTITUTE(AA39,"員工代號:","")),FIND(" ",TRIM(SUBSTITUTE(AA39,"員工代號:","")))+1,255),1)&"*",LEFT(MID(TRIM(SUBSTITUTE(AA39,"員工代號:","")),FIND(" ",TRIM(SUBSTITUTE(AA39,"員工代號:","")))+1,255),1)&REPT("*",LEN(MID(TRIM(SUBSTITUTE(AA39,"員工代號:","")),FIND(" ",TRIM(SUBSTITUTE(AA39,"員工代號:","")))+1,255))-2)&RIGHT(MID(TRIM(SUBSTITUTE(AA39,"員工代號:","")),FIND(" ",TRIM(SUBSTITUTE(AA39,"員工代號:","")))+1,255),1)))) | C39: 46203 | D39: 二 | E39: 07:55 | F39: 17:08 | G39: 0.32986111 | H39: 0.71388889 | I39: 0.71388889 | J39: 0.38402778 | K39: 1 | L39: 2026-06 | AA39: 員工代號:97668 郭靖
A50: 49 | B50: =IF(AA50="","",IF(ISNUMBER(SEARCH("員工代號:",AA50)),"員工代號:","")&LEFT(LEFT(TRIM(SUBSTITUTE(AA50,"員工代號:","")),FIND(" ",TRIM(SUBSTITUTE(AA50,"員工代號:","")))-1),2)&REPT("*",MAX(1,LEN(LEFT(TRIM(SUBSTITUTE(AA50,"員工代號:","")),FIND(" ",TRIM(SUBSTITUTE(AA50,"員工代號:","")))-1))-4))&RIGHT(LEFT(TRIM(SUBSTITUTE(AA50,"員工代號:","")),FIND(" ",TRIM(SUBSTITUTE(AA50,"員工代號:","")))-1),2)&" "&IF(LEN(MID(TRIM(SUBSTITUTE(AA50,"員工代號:","")),FIND(" ",TRIM(SUBSTITUTE(AA50,"員工代號:","")))+1,255))<=1,"*",IF(LEN(MID(TRIM(SUBSTITUTE(AA50,"員工代號:","")),FIND(" ",TRIM(SUBSTITUTE(AA50,"員工代號:","")))+1,255))=2,LEFT(MID(TRIM(SUBSTITUTE(AA50,"員工代號:","")),FIND(" ",TRIM(SUBSTITUTE(AA50,"員工代號:","")))+1,255),1)&"*",LEFT(MID(TRIM(SUBSTITUTE(AA50,"員工代號:","")),FIND(" ",TRIM(SUBSTITUTE(AA50,"員工代號:","")))+1,255),1)&REPT("*",LEN(MID(TRIM(SUBSTITUTE(AA50,"員工代號:","")),FIND(" ",TRIM(SUBSTITUTE(AA50,"員工代號:","")))+1,255))-2)&RIGHT(MID(TRIM(SUBSTITUTE(AA50,"員工代號:","")),FIND(" ",TRIM(SUBSTITUTE(AA50,"員工代號:","")))+1,255),1)))) | C50: 46174 | D50: 一 | E50: 07:29 | F50: 19:32 | G50: 0.31180556 | H50: 0.81388889 | I50: 0.8125 | J50: 0.50069444 | K50: 1 | L50: 2026-06 | AA50: 員工代號:85479 黃蓉
A51: 50 | B51: =IF(AA51="","",IF(ISNUMBER(SEARCH("員工代號:",AA51)),"員工代號:","")&LEFT(LEFT(TRIM(SUBSTITUTE(AA51,"員工代號:","")),FIND(" ",TRIM(SUBSTITUTE(AA51,"員工代號:","")))-1),2)&REPT("*",MAX(1,LEN(LEFT(TRIM(SUBSTITUTE(AA51,"員工代號:","")),FIND(" ",TRIM(SUBSTITUTE(AA51,"員工代號:","")))-1))-4))&RIGHT(LEFT(TRIM(SUBSTITUTE(AA51,"員工代號:","")),FIND(" ",TRIM(SUBSTITUTE(AA51,"員工代號:","")))-1),2)&" "&IF(LEN(MID(TRIM(SUBSTITUTE(AA51,"員工代號:","")),FIND(" ",TRIM(SUBSTITUTE(AA51,"員工代號:","")))+1,255))<=1,"*",IF(LEN(MID(TRIM(SUBSTITUTE(AA51,"員工代號:","")),FIND(" ",TRIM(SUBSTITUTE(AA51,"員工代號:","")))+1,255))=2,LEFT(MID(TRIM(SUBSTITUTE(AA51,"員工代號:","")),FIND(" ",TRIM(SUBSTITUTE(AA51,"員工代號:","")))+1,255),1)&"*",LEFT(MID(TRIM(SUBSTITUTE(AA51,"員工代號:","")),FIND(" ",TRIM(SUBSTITUTE(AA51,"員工代號:","")))+1,255),1)&REPT("*",LEN(MID(TRIM(SUBSTITUTE(AA51,"員工代號:","")),FIND(" ",TRIM(SUBSTITUTE(AA51,"員工代號:","")))+1,255))-2)&RIGHT(MID(TRIM(SUBSTITUTE(AA51,"員工代號:","")),FIND(" ",TRIM(SUBSTITUTE(AA51,"員工代號:","")))+1,255),1)))) | C51: 46175 | D51: 二 | E51: 07:25 | F51: 20:32 | G51: 0.30902778 | H51: 0.85555556 | I51: 0.8125 | J51: 0.50347222 | K51: 1 | L51: 2026-06 | AA51: 員工代號:85479 黃蓉
A52: 51 | B52: =IF(AA52="","",IF(ISNUMBER(SEARCH("員工代號:",AA52)),"員工代號:","")&LEFT(LEFT(TRIM(SUBSTITUTE(AA52,"員工代號:","")),FIND(" ",TRIM(SUBSTITUTE(AA52,"員工代號:","")))-1),2)&REPT("*",MAX(1,LEN(LEFT(TRIM(SUBSTITUTE(AA52,"員工代號:","")),FIND(" ",TRIM(SUBSTITUTE(AA52,"員工代號:","")))-1))-4))&RIGHT(LEFT(TRIM(SUBSTITUTE(AA52,"員工代號:","")),FIND(" ",TRIM(SUBSTITUTE(AA52,"員工代號:","")))-1),2)&" "&IF(LEN(MID(TRIM(SUBSTITUTE(AA52,"員工代號:","")),FIND(" ",TRIM(SUBSTITUTE(AA52,"員工代號:","")))+1,255))<=1,"*",IF(LEN(MID(TRIM(SUBSTITUTE(AA52,"員工代號:","")),FIND(" ",TRIM(SUBSTITUTE(AA52,"員工代號:","")))+1,255))=2,LEFT(MID(TRIM(SUBSTITUTE(AA52,"員工代號:","")),FIND(" ",TRIM(SUBSTITUTE(AA52,"員工代號:","")))+1,255),1)&"*",LEFT(MID(TRIM(SUBSTITUTE(AA52,"員工代號:","")),FIND(" ",TRIM(SUBSTITUTE(AA52,"員工代號:","")))+1,255),1)&REPT("*",LEN(MID(TRIM(SUBSTITUTE(AA52,"員工代號:","")),FIND(" ",TRIM(SUBSTITUTE(AA52,"員工代號:","")))+1,255))-2)&RIGHT(MID(TRIM(SUBSTITUTE(AA52,"員工代號:","")),FIND(" ",TRIM(SUBSTITUTE(AA52,"員工代號:","")))+1,255),1)))) | C52: 46176 | D52: 三 | E52: 07:29 | F52: 19:32 | G52: 0.31180556 | H52: 0.81388889 | I52: 0.8125 | J52: 0.50069444 | K52: 1 | L52: 2026-06 | AA52: 員工代號:85479 黃蓉
A53: 52 | B53: =IF(AA53="","",IF(ISNUMBER(SEARCH("員工代號:",AA53)),"員工代號:","")&LEFT(LEFT(TRIM(SUBSTITUTE(AA53,"員工代號:","")),FIND(" ",TRIM(SUBSTITUTE(AA53,"員工代號:","")))-1),2)&REPT("*",MAX(1,LEN(LEFT(TRIM(SUBSTITUTE(AA53,"員工代號:","")),FIND(" ",TRIM(SUBSTITUTE(AA53,"員工代號:","")))-1))-4))&RIGHT(LEFT(TRIM(SUBSTITUTE(AA53,"員工代號:","")),FIND(" ",TRIM(SUBSTITUTE(AA53,"員工代號:","")))-1),2)&" "&IF(LEN(MID(TRIM(SUBSTITUTE(AA53,"員工代號:","")),FIND(" ",TRIM(SUBSTITUTE(AA53,"員工代號:","")))+1,255))<=1,"*",IF(LEN(MID(TRIM(SUBSTITUTE(AA53,"員工代號:","")),FIND(" ",TRIM(SUBSTITUTE(AA53,"員工代號:","")))+1,255))=2,LEFT(MID(TRIM(SUBSTITUTE(AA53,"員工代號:","")),FIND(" ",TRIM(SUBSTITUTE(AA53,"員工代號:","")))+1,255),1)&"*",LEFT(MID(TRIM(SUBSTITUTE(AA53,"員工代號:","")),FIND(" ",TRIM(SUBSTITUTE(AA53,"員工代號:","")))+1,255),1)&REPT("*",LEN(MID(TRIM(SUBSTITUTE(AA53,"員工代號:","")),FIND(" ",TRIM(SUBSTITUTE(AA53,"員工代號:","")))+1,255))-2)&RIGHT(MID(TRIM(SUBSTITUTE(AA53,"員工代號:","")),FIND(" ",TRIM(SUBSTITUTE(AA53,"員工代號:","")))+1,255),1)))) | C53: 46177 | D53: 四 | E53: 07:25 | F53: 20:32 | G53: 0.30902778 | H53: 0.85555556 | I53: 0.8125 | J53: 0.50347222 | K53: 1 | L53: 2026-06 | AA53: 員工代號:85479 黃蓉
A54: 53 | B54: =IF(AA54="","",IF(ISNUMBER(SEARCH("員工代號:",AA54)),"員工代號:","")&LEFT(LEFT(TRIM(SUBSTITUTE(AA54,"員工代號:","")),FIND(" ",TRIM(SUBSTITUTE(AA54,"員工代號:","")))-1),2)&REPT("*",MAX(1,LEN(LEFT(TRIM(SUBSTITUTE(AA54,"員工代號:","")),FIND(" ",TRIM(SUBSTITUTE(AA54,"員工代號:","")))-1))-4))&RIGHT(LEFT(TRIM(SUBSTITUTE(AA54,"員工代號:","")),FIND(" ",TRIM(SUBSTITUTE(AA54,"員工代號:","")))-1),2)&" "&IF(LEN(MID(TRIM(SUBSTITUTE(AA54,"員工代號:","")),FIND(" ",TRIM(SUBSTITUTE(AA54,"員工代號:","")))+1,255))<=1,"*",IF(LEN(MID(TRIM(SUBSTITUTE(AA54,"員工代號:","")),FIND(" ",TRIM(SUBSTITUTE(AA54,"員工代號:","")))+1,255))=2,LEFT(MID(TRIM(SUBSTITUTE(AA54,"員工代號:","")),FIND(" ",TRIM(SUBSTITUTE(AA54,"員工代號:","")))+1,255),1)&"*",LEFT(MID(TRIM(SUBSTITUTE(AA54,"員工代號:","")),FIND(" ",TRIM(SUBSTITUTE(AA54,"員工代號:","")))+1,255),1)&REPT("*",LEN(MID(TRIM(SUBSTITUTE(AA54,"員工代號:","")),FIND(" ",TRIM(SUBSTITUTE(AA54,"員工代號:","")))+1,255))-2)&RIGHT(MID(TRIM(SUBSTITUTE(AA54,"員工代號:","")),FIND(" ",TRIM(SUBSTITUTE(AA54,"員工代號:","")))+1,255),1)))) | C54: 46178 | D54: 五 | E54: 07:32 | F54: 20:32 | G54: 0.31388889 | H54: 0.85555556 | I54: 0.8125 | J54: 0.49861111 | K54: 1 | L54: 2026-06 | AA54: 員工代號:85479 黃蓉
A55: 54 | B55: =IF(AA55="","",IF(ISNUMBER(SEARCH("員工代號:",AA55)),"員工代號:","")&LEFT(LEFT(TRIM(SUBSTITUTE(AA55,"員工代號:","")),FIND(" ",TRIM(SUBSTITUTE(AA55,"員工代號:","")))-1),2)&REPT("*",MAX(1,LEN(LEFT(TRIM(SUBSTITUTE(AA55,"員工代號:","")),FIND(" ",TRIM(SUBSTITUTE(AA55,"員工代號:","")))-1))-4))&RIGHT(LEFT(TRIM(SUBSTITUTE(AA55,"員工代號:","")),FIND(" ",TRIM(SUBSTITUTE(AA55,"員工代號:","")))-1),2)&" "&IF(LEN(MID(TRIM(SUBSTITUTE(AA55,"員工代號:","")),FIND(" ",TRIM(SUBSTITUTE(AA55,"員工代號:","")))+1,255))<=1,"*",IF(LEN(MID(TRIM(SUBSTITUTE(AA55,"員工代號:","")),FIND(" ",TRIM(SUBSTITUTE(AA55,"員工代號:","")))+1,255))=2,LEFT(MID(TRIM(SUBSTITUTE(AA55,"員工代號:","")),FIND(" ",TRIM(SUBSTITUTE(AA55,"員工代號:","")))+1,255),1)&"*",LEFT(MID(TRIM(SUBSTITUTE(AA55,"員工代號:","")),FIND(" ",TRIM(SUBSTITUTE(AA55,"員工代號:","")))+1,255),1)&REPT("*",LEN(MID(TRIM(SUBSTITUTE(AA55,"員工代號:","")),FIND(" ",TRIM(SUBSTITUTE(AA55,"員工代號:","")))+1,255))-2)&RIGHT(MID(TRIM(SUBSTITUTE(AA55,"員工代號:","")),FIND(" ",TRIM(SUBSTITUTE(AA55,"員工代號:","")))+1,255),1)))) | C55: 46179 | D55: 六 | L55: 2026-06 | AA55: 員工代號:85479 黃蓉
A56: 55 | B56: =IF(AA56="","",IF(ISNUMBER(SEARCH("員工代號:",AA56)),"員工代號:","")&LEFT(LEFT(TRIM(SUBSTITUTE(AA56,"員工代號:","")),FIND(" ",TRIM(SUBSTITUTE(AA56,"員工代號:","")))-1),2)&REPT("*",MAX(1,LEN(LEFT(TRIM(SUBSTITUTE(AA56,"員工代號:","")),FIND(" ",TRIM(SUBSTITUTE(AA56,"員工代號:","")))-1))-4))&RIGHT(LEFT(TRIM(SUBSTITUTE(AA56,"員工代號:","")),FIND(" ",TRIM(SUBSTITUTE(AA56,"員工代號:","")))-1),2)&" "&IF(LEN(MID(TRIM(SUBSTITUTE(AA56,"員工代號:","")),FIND(" ",TRIM(SUBSTITUTE(AA56,"員工代號:","")))+1,255))<=1,"*",IF(LEN(MID(TRIM(SUBSTITUTE(AA56,"員工代號:","")),FIND(" ",TRIM(SUBSTITUTE(AA56,"員工代號:","")))+1,255))=2,LEFT(MID(TRIM(SUBSTITUTE(AA56,"員工代號:","")),FIND(" ",TRIM(SUBSTITUTE(AA56,"員工代號:","")))+1,255),1)&"*",LEFT(MID(TRIM(SUBSTITUTE(AA56,"員工代號:","")),FIND(" ",TRIM(SUBSTITUTE(AA56,"員工代號:","")))+1,255),1)&REPT("*",LEN(MID(TRIM(SUBSTITUTE(AA56,"員工代號:","")),FIND(" ",TRIM(SUBSTITUTE(AA56,"員工代號:","")))+1,255))-2)&RIGHT(MID(TRIM(SUBSTITUTE(AA56,"員工代號:","")),FIND(" ",TRIM(SUBSTITUTE(AA56,"員工代號:","")))+1,255),1)))) | C56: 46180 | D56: 日 | L56: 2026-06 | AA56: 員工代號:85479 黃蓉
A57: 56 | B57: =IF(AA57="","",IF(ISNUMBER(SEARCH("員工代號:",AA57)),"員工代號:","")&LEFT(LEFT(TRIM(SUBSTITUTE(AA57,"員工代號:","")),FIND(" ",TRIM(SUBSTITUTE(AA57,"員工代號:","")))-1),2)&REPT("*",MAX(1,LEN(LEFT(TRIM(SUBSTITUTE(AA57,"員工代號:","")),FIND(" ",TRIM(SUBSTITUTE(AA57,"員工代號:","")))-1))-4))&RIGHT(LEFT(TRIM(SUBSTITUTE(AA57,"員工代號:","")),FIND(" ",TRIM(SUBSTITUTE(AA57,"員工代號:","")))-1),2)&" "&IF(LEN(MID(TRIM(SUBSTITUTE(AA57,"員工代號:","")),FIND(" ",TRIM(SUBSTITUTE(AA57,"員工代號:","")))+1,255))<=1,"*",IF(LEN(MID(TRIM(SUBSTITUTE(AA57,"員工代號:","")),FIND(" ",TRIM(SUBSTITUTE(AA57,"員工代號:","")))+1,255))=2,LEFT(MID(TRIM(SUBSTITUTE(AA57,"員工代號:","")),FIND(" ",TRIM(SUBSTITUTE(AA57,"員工代號:","")))+1,255),1)&"*",LEFT(MID(TRIM(SUBSTITUTE(AA57,"員工代號:","")),FIND(" ",TRIM(SUBSTITUTE(AA57,"員工代號:","")))+1,255),1)&REPT("*",LEN(MID(TRIM(SUBSTITUTE(AA57,"員工代號:","")),FIND(" ",TRIM(SUBSTITUTE(AA57,"員工代號:","")))+1,255))-2)&RIGHT(MID(TRIM(SUBSTITUTE(AA57,"員工代號:","")),FIND(" ",TRIM(SUBSTITUTE(AA57,"員工代號:","")))+1,255),1)))) | C57: 46181 | D57: 一 | E57: 07:32 | F57: 19:33 | G57: 0.31388889 | H57: 0.81458333 | I57: 0.8125 | J57: 0.49861111 | K57: 1 | L57: 2026-06 | AA57: 員工代號:85479 黃蓉
A58: 57 | B58: =IF(AA58="","",IF(ISNUMBER(SEARCH("員工代號:",AA58)),"員工代號:","")&LEFT(LEFT(TRIM(SUBSTITUTE(AA58,"員工代號:","")),FIND(" ",TRIM(SUBSTITUTE(AA58,"員工代號:","")))-1),2)&REPT("*",MAX(1,LEN(LEFT(TRIM(SUBSTITUTE(AA58,"員工代號:","")),FIND(" ",TRIM(SUBSTITUTE(AA58,"員工代號:","")))-1))-4))&RIGHT(LEFT(TRIM(SUBSTITUTE(AA58,"員工代號:","")),FIND(" ",TRIM(SUBSTITUTE(AA58,"員工代號:","")))-1),2)&" "&IF(LEN(MID(TRIM(SUBSTITUTE(AA58,"員工代號:","")),FIND(" ",TRIM(SUBSTITUTE(AA58,"員工代號:","")))+1,255))<=1,"*",IF(LEN(MID(TRIM(SUBSTITUTE(AA58,"員工代號:","")),FIND(" ",TRIM(SUBSTITUTE(AA58,"員工代號:","")))+1,255))=2,LEFT(MID(TRIM(SUBSTITUTE(AA58,"員工代號:","")),FIND(" ",TRIM(SUBSTITUTE(AA58,"員工代號:","")))+1,255),1)&"*",LEFT(MID(TRIM(SUBSTITUTE(AA58,"員工代號:","")),FIND(" ",TRIM(SUBSTITUTE(AA58,"員工代號:","")))+1,255),1)&REPT("*",LEN(MID(TRIM(SUBSTITUTE(AA58,"員工代號:","")),FIND(" ",TRIM(SUBSTITUTE(AA58,"員工代號:","")))+1,255))-2)&RIGHT(MID(TRIM(SUBSTITUTE(AA58,"員工代號:","")),FIND(" ",TRIM(SUBSTITUTE(AA58,"員工代號:","")))+1,255),1)))) | C58: 46182 | D58: 二 | E58: 07:27 | F58: 20:32 | G58: 0.31041667 | H58: 0.85555556 | I58: 0.8125 | J58: 0.50208333 | K58: 1 | L58: 2026-06 | AA58: 員工代號:85479 黃蓉
A59: 58 | B59: =IF(AA59="","",IF(ISNUMBER(SEARCH("員工代號:",AA59)),"員工代號:","")&LEFT(LEFT(TRIM(SUBSTITUTE(AA59,"員工代號:","")),FIND(" ",TRIM(SUBSTITUTE(AA59,"員工代號:","")))-1),2)&REPT("*",MAX(1,LEN(LEFT(TRIM(SUBSTITUTE(AA59,"員工代號:","")),FIND(" ",TRIM(SUBSTITUTE(AA59,"員工代號:","")))-1))-4))&RIGHT(LEFT(TRIM(SUBSTITUTE(AA59,"員工代號:","")),FIND(" ",TRIM(SUBSTITUTE(AA59,"員工代號:","")))-1),2)&" "&IF(LEN(MID(TRIM(SUBSTITUTE(AA59,"員工代號:","")),FIND(" ",TRIM(SUBSTITUTE(AA59,"員工代號:","")))+1,255))<=1,"*",IF(LEN(MID(TRIM(SUBSTITUTE(AA59,"員工代號:","")),FIND(" ",TRIM(SUBSTITUTE(AA59,"員工代號:","")))+1,255))=2,LEFT(MID(TRIM(SUBSTITUTE(AA59,"員工代號:","")),FIND(" ",TRIM(SUBSTITUTE(AA59,"員工代號:","")))+1,255),1)&"*",LEFT(MID(TRIM(SUBSTITUTE(AA59,"員工代號:","")),FIND(" ",TRIM(SUBSTITUTE(AA59,"員工代號:","")))+1,255),1)&REPT("*",LEN(MID(TRIM(SUBSTITUTE(AA59,"員工代號:","")),FIND(" ",TRIM(SUBSTITUTE(AA59,"員工代號:","")))+1,255))-2)&RIGHT(MID(TRIM(SUBSTITUTE(AA59,"員工代號:","")),FIND(" ",TRIM(SUBSTITUTE(AA59,"員工代號:","")))+1,255),1)))) | C59: 46183 | D59: 三 | E59: 07:27 | F59: 19:32 | G59: 0.31041667 | H59: 0.81388889 | I59: 0.8125 | J59: 0.50208333 | K59: 1 | L59: 2026-06 | AA59: 員工代號:85479 黃蓉
A60: 59 | B60: =IF(AA60="","",IF(ISNUMBER(SEARCH("員工代號:",AA60)),"員工代號:","")&LEFT(LEFT(TRIM(SUBSTITUTE(AA60,"員工代號:","")),FIND(" ",TRIM(SUBSTITUTE(AA60,"員工代號:","")))-1),2)&REPT("*",MAX(1,LEN(LEFT(TRIM(SUBSTITUTE(AA60,"員工代號:","")),FIND(" ",TRIM(SUBSTITUTE(AA60,"員工代號:","")))-1))-4))&RIGHT(LEFT(TRIM(SUBSTITUTE(AA60,"員工代號:","")),FIND(" ",TRIM(SUBSTITUTE(AA60,"員工代號:","")))-1),2)&" "&IF(LEN(MID(TRIM(SUBSTITUTE(AA60,"員工代號:","")),FIND(" ",TRIM(SUBSTITUTE(AA60,"員工代號:","")))+1,255))<=1,"*",IF(LEN(MID(TRIM(SUBSTITUTE(AA60,"員工代號:","")),FIND(" ",TRIM(SUBSTITUTE(AA60,"員工代號:","")))+1,255))=2,LEFT(MID(TRIM(SUBSTITUTE(AA60,"員工代號:","")),FIND(" ",TRIM(SUBSTITUTE(AA60,"員工代號:","")))+1,255),1)&"*",LEFT(MID(TRIM(SUBSTITUTE(AA60,"員工代號:","")),FIND(" ",TRIM(SUBSTITUTE(AA60,"員工代號:","")))+1,255),1)&REPT("*",LEN(MID(TRIM(SUBSTITUTE(AA60,"員工代號:","")),FIND(" ",TRIM(SUBSTITUTE(AA60,"員工代號:","")))+1,255))-2)&RIGHT(MID(TRIM(SUBSTITUTE(AA60,"員工代號:","")),FIND(" ",TRIM(SUBSTITUTE(AA60,"員工代號:","")))+1,255),1)))) | C60: 46184 | D60: 四 | E60: 07:29 | F60: 20:32 | G60: 0.31180556 | H60: 0.85555556 | I60: 0.8125 | J60: 0.50069444 | K60: 1 | L60: 2026-06 | AA60: 員工代號:85479 黃蓉
A61: 60 | B61: =IF(AA61="","",IF(ISNUMBER(SEARCH("員工代號:",AA61)),"員工代號:","")&LEFT(LEFT(TRIM(SUBSTITUTE(AA61,"員工代號:","")),FIND(" ",TRIM(SUBSTITUTE(AA61,"員工代號:","")))-1),2)&REPT("*",MAX(1,LEN(LEFT(TRIM(SUBSTITUTE(AA61,"員工代號:","")),FIND(" ",TRIM(SUBSTITUTE(AA61,"員工代號:","")))-1))-4))&RIGHT(LEFT(TRIM(SUBSTITUTE(AA61,"員工代號:","")),FIND(" ",TRIM(SUBSTITUTE(AA61,"員工代號:","")))-1),2)&" "&IF(LEN(MID(TRIM(SUBSTITUTE(AA61,"員工代號:","")),FIND(" ",TRIM(SUBSTITUTE(AA61,"員工代號:","")))+1,255))<=1,"*",IF(LEN(MID(TRIM(SUBSTITUTE(AA61,"員工代號:","")),FIND(" ",TRIM(SUBSTITUTE(AA61,"員工代號:","")))+1,255))=2,LEFT(MID(TRIM(SUBSTITUTE(AA61,"員工代號:","")),FIND(" ",TRIM(SUBSTITUTE(AA61,"員工代號:","")))+1,255),1)&"*",LEFT(MID(TRIM(SUBSTITUTE(AA61,"員工代號:","")),FIND(" ",TRIM(SUBSTITUTE(AA61,"員工代號:","")))+1,255),1)&REPT("*",LEN(MID(TRIM(SUBSTITUTE(AA61,"員工代號:","")),FIND(" ",TRIM(SUBSTITUTE(AA61,"員工代號:","")))+1,255))-2)&RIGHT(MID(TRIM(SUBSTITUTE(AA61,"員工代號:","")),FIND(" ",TRIM(SUBSTITUTE(AA61,"員工代號:","")))+1,255),1)))) | C61: 46185 | D61: 五 | L61: 2026-06 | AA61: 員工代號:85479 黃蓉
A62: 61 | B62: =IF(AA62="","",IF(ISNUMBER(SEARCH("員工代號:",AA62)),"員工代號:","")&LEFT(LEFT(TRIM(SUBSTITUTE(AA62,"員工代號:","")),FIND(" ",TRIM(SUBSTITUTE(AA62,"員工代號:","")))-1),2)&REPT("*",MAX(1,LEN(LEFT(TRIM(SUBSTITUTE(AA62,"員工代號:","")),FIND(" ",TRIM(SUBSTITUTE(AA62,"員工代號:","")))-1))-4))&RIGHT(LEFT(TRIM(SUBSTITUTE(AA62,"員工代號:","")),FIND(" ",TRIM(SUBSTITUTE(AA62,"員工代號:","")))-1),2)&" "&IF(LEN(MID(TRIM(SUBSTITUTE(AA62,"員工代號:","")),FIND(" ",TRIM(SUBSTITUTE(AA62,"員工代號:","")))+1,255))<=1,"*",IF(LEN(MID(TRIM(SUBSTITUTE(AA62,"員工代號:","")),FIND(" ",TRIM(SUBSTITUTE(AA62,"員工代號:","")))+1,255))=2,LEFT(MID(TRIM(SUBSTITUTE(AA62,"員工代號:","")),FIND(" ",TRIM(SUBSTITUTE(AA62,"員工代號:","")))+1,255),1)&"*",LEFT(MID(TRIM(SUBSTITUTE(AA62,"員工代號:","")),FIND(" ",TRIM(SUBSTITUTE(AA62,"員工代號:","")))+1,255),1)&REPT("*",LEN(MID(TRIM(SUBSTITUTE(AA62,"員工代號:","")),FIND(" ",TRIM(SUBSTITUTE(AA62,"員工代號:","")))+1,255))-2)&RIGHT(MID(TRIM(SUBSTITUTE(AA62,"員工代號:","")),FIND(" ",TRIM(SUBSTITUTE(AA62,"員工代號:","")))+1,255),1)))) | C62: 46186 | D62: 六 | L62: 2026-06 | AA62: 員工代號:85479 黃蓉
A63: 62 | B63: =IF(AA63="","",IF(ISNUMBER(SEARCH("員工代號:",AA63)),"員工代號:","")&LEFT(LEFT(TRIM(SUBSTITUTE(AA63,"員工代號:","")),FIND(" ",TRIM(SUBSTITUTE(AA63,"員工代號:","")))-1),2)&REPT("*",MAX(1,LEN(LEFT(TRIM(SUBSTITUTE(AA63,"員工代號:","")),FIND(" ",TRIM(SUBSTITUTE(AA63,"員工代號:","")))-1))-4))&RIGHT(LEFT(TRIM(SUBSTITUTE(AA63,"員工代號:","")),FIND(" ",TRIM(SUBSTITUTE(AA63,"員工代號:","")))-1),2)&" "&IF(LEN(MID(TRIM(SUBSTITUTE(AA63,"員工代號:","")),FIND(" ",TRIM(SUBSTITUTE(AA63,"員工代號:","")))+1,255))<=1,"*",IF(LEN(MID(TRIM(SUBSTITUTE(AA63,"員工代號:","")),FIND(" ",TRIM(SUBSTITUTE(AA63,"員工代號:","")))+1,255))=2,LEFT(MID(TRIM(SUBSTITUTE(AA63,"員工代號:","")),FIND(" ",TRIM(SUBSTITUTE(AA63,"員工代號:","")))+1,255),1)&"*",LEFT(MID(TRIM(SUBSTITUTE(AA63,"員工代號:","")),FIND(" ",TRIM(SUBSTITUTE(AA63,"員工代號:","")))+1,255),1)&REPT("*",LEN(MID(TRIM(SUBSTITUTE(AA63,"員工代號:","")),FIND(" ",TRIM(SUBSTITUTE(AA63,"員工代號:","")))+1,255))-2)&RIGHT(MID(TRIM(SUBSTITUTE(AA63,"員工代號:","")),FIND(" ",TRIM(SUBSTITUTE(AA63,"員工代號:","")))+1,255),1)))) | C63: 46187 | D63: 日 | L63: 2026-06 | AA63: 員工代號:85479 黃蓉
A64: 63 | B64: =IF(AA64="","",IF(ISNUMBER(SEARCH("員工代號:",AA64)),"員工代號:","")&LEFT(LEFT(TRIM(SUBSTITUTE(AA64,"員工代號:","")),FIND(" ",TRIM(SUBSTITUTE(AA64,"員工代號:","")))-1),2)&REPT("*",MAX(1,LEN(LEFT(TRIM(SUBSTITUTE(AA64,"員工代號:","")),FIND(" ",TRIM(SUBSTITUTE(AA64,"員工代號:","")))-1))-4))&RIGHT(LEFT(TRIM(SUBSTITUTE(AA64,"員工代號:","")),FIND(" ",TRIM(SUBSTITUTE(AA64,"員工代號:","")))-1),2)&" "&IF(LEN(MID(TRIM(SUBSTITUTE(AA64,"員工代號:","")),FIND(" ",TRIM(SUBSTITUTE(AA64,"員工代號:","")))+1,255))<=1,"*",IF(LEN(MID(TRIM(SUBSTITUTE(AA64,"員工代號:","")),FIND(" ",TRIM(SUBSTITUTE(AA64,"員工代號:","")))+1,255))=2,LEFT(MID(TRIM(SUBSTITUTE(AA64,"員工代號:","")),FIND(" ",TRIM(SUBSTITUTE(AA64,"員工代號:","")))+1,255),1)&"*",LEFT(MID(TRIM(SUBSTITUTE(AA64,"員工代號:","")),FIND(" ",TRIM(SUBSTITUTE(AA64,"員工代號:","")))+1,255),1)&REPT("*",LEN(MID(TRIM(SUBSTITUTE(AA64,"員工代號:","")),FIND(" ",TRIM(SUBSTITUTE(AA64,"員工代號:","")))+1,255))-2)&RIGHT(MID(TRIM(SUBSTITUTE(AA64,"員工代號:","")),FIND(" ",TRIM(SUBSTITUTE(AA64,"員工代號:","")))+1,255),1)))) | C64: 46188 | D64: 一 | E64: 07:32 | F64: 19:34 | G64: 0.31388889 | H64: 0.81527778 | I64: 0.8125 | J64: 0.49861111 | K64: 1 | L64: 2026-06 | AA64: 員工代號:85479 黃蓉
A65: 64 | B65: =IF(AA65="","",IF(ISNUMBER(SEARCH("員工代號:",AA65)),"員工代號:","")&LEFT(LEFT(TRIM(SUBSTITUTE(AA65,"員工代號:","")),FIND(" ",TRIM(SUBSTITUTE(AA65,"員工代號:","")))-1),2)&REPT("*",MAX(1,LEN(LEFT(TRIM(SUBSTITUTE(AA65,"員工代號:","")),FIND(" ",TRIM(SUBSTITUTE(AA65,"員工代號:","")))-1))-4))&RIGHT(LEFT(TRIM(SUBSTITUTE(AA65,"員工代號:","")),FIND(" ",TRIM(SUBSTITUTE(AA65,"員工代號:","")))-1),2)&" "&IF(LEN(MID(TRIM(SUBSTITUTE(AA65,"員工代號:","")),FIND(" ",TRIM(SUBSTITUTE(AA65,"員工代號:","")))+1,255))<=1,"*",IF(LEN(MID(TRIM(SUBSTITUTE(AA65,"員工代號:","")),FIND(" ",TRIM(SUBSTITUTE(AA65,"員工代號:","")))+1,255))=2,LEFT(MID(TRIM(SUBSTITUTE(AA65,"員工代號:","")),FIND(" ",TRIM(SUBSTITUTE(AA65,"員工代號:","")))+1,255),1)&"*",LEFT(MID(TRIM(SUBSTITUTE(AA65,"員工代號:","")),FIND(" ",TRIM(SUBSTITUTE(AA65,"員工代號:","")))+1,255),1)&REPT("*",LEN(MID(TRIM(SUBSTITUTE(AA65,"員工代號:","")),FIND(" ",TRIM(SUBSTITUTE(AA65,"員工代號:","")))+1,255))-2)&RIGHT(MID(TRIM(SUBSTITUTE(AA65,"員工代號:","")),FIND(" ",TRIM(SUBSTITUTE(AA65,"員工代號:","")))+1,255),1)))) | C65: 46189 | D65: 二 | E65: 07:27 | F65: 20:32 | G65: 0.31041667 | H65: 0.85555556 | I65: 0.8125 | J65: 0.50208333 | K65: 1 | L65: 2026-06 | AA65: 員工代號:85479 黃蓉
A66: 65 | B66: =IF(AA66="","",IF(ISNUMBER(SEARCH("員工代號:",AA66)),"員工代號:","")&LEFT(LEFT(TRIM(SUBSTITUTE(AA66,"員工代號:","")),FIND(" ",TRIM(SUBSTITUTE(AA66,"員工代號:","")))-1),2)&REPT("*",MAX(1,LEN(LEFT(TRIM(SUBSTITUTE(AA66,"員工代號:","")),FIND(" ",TRIM(SUBSTITUTE(AA66,"員工代號:","")))-1))-4))&RIGHT(LEFT(TRIM(SUBSTITUTE(AA66,"員工代號:","")),FIND(" ",TRIM(SUBSTITUTE(AA66,"員工代號:","")))-1),2)&" "&IF(LEN(MID(TRIM(SUBSTITUTE(AA66,"員工代號:","")),FIND(" ",TRIM(SUBSTITUTE(AA66,"員工代號:","")))+1,255))<=1,"*",IF(LEN(MID(TRIM(SUBSTITUTE(AA66,"員工代號:","")),FIND(" ",TRIM(SUBSTITUTE(AA66,"員工代號:","")))+1,255))=2,LEFT(MID(TRIM(SUBSTITUTE(AA66,"員工代號:","")),FIND(" ",TRIM(SUBSTITUTE(AA66,"員工代號:","")))+1,255),1)&"*",LEFT(MID(TRIM(SUBSTITUTE(AA66,"員工代號:","")),FIND(" ",TRIM(SUBSTITUTE(AA66,"員工代號:","")))+1,255),1)&REPT("*",LEN(MID(TRIM(SUBSTITUTE(AA66,"員工代號:","")),FIND(" ",TRIM(SUBSTITUTE(AA66,"員工代號:","")))+1,255))-2)&RIGHT(MID(TRIM(SUBSTITUTE(AA66,"員工代號:","")),FIND(" ",TRIM(SUBSTITUTE(AA66,"員工代號:","")))+1,255),1)))) | C66: 46190 | D66: 三 | E66: 07:27 | F66: 19:32 | G66: 0.31041667 | H66: 0.81388889 | I66: 0.8125 | J66: 0.50208333 | K66: 1 | L66: 2026-06 | AA66: 員工代號:85479 黃蓉
A67: 66 | B67: =IF(AA67="","",IF(ISNUMBER(SEARCH("員工代號:",AA67)),"員工代號:","")&LEFT(LEFT(TRIM(SUBSTITUTE(AA67,"員工代號:","")),FIND(" ",TRIM(SUBSTITUTE(AA67,"員工代號:","")))-1),2)&REPT("*",MAX(1,LEN(LEFT(TRIM(SUBSTITUTE(AA67,"員工代號:","")),FIND(" ",TRIM(SUBSTITUTE(AA67,"員工代號:","")))-1))-4))&RIGHT(LEFT(TRIM(SUBSTITUTE(AA67,"員工代號:","")),FIND(" ",TRIM(SUBSTITUTE(AA67,"員工代號:","")))-1),2)&" "&IF(LEN(MID(TRIM(SUBSTITUTE(AA67,"員工代號:","")),FIND(" ",TRIM(SUBSTITUTE(AA67,"員工代號:","")))+1,255))<=1,"*",IF(LEN(MID(TRIM(SUBSTITUTE(AA67,"員工代號:","")),FIND(" ",TRIM(SUBSTITUTE(AA67,"員工代號:","")))+1,255))=2,LEFT(MID(TRIM(SUBSTITUTE(AA67,"員工代號:","")),FIND(" ",TRIM(SUBSTITUTE(AA67,"員工代號:","")))+1,255),1)&"*",LEFT(MID(TRIM(SUBSTITUTE(AA67,"員工代號:","")),FIND(" ",TRIM(SUBSTITUTE(AA67,"員工代號:","")))+1,255),1)&REPT("*",LEN(MID(TRIM(SUBSTITUTE(AA67,"員工代號:","")),FIND(" ",TRIM(SUBSTITUTE(AA67,"員工代號:","")))+1,255))-2)&RIGHT(MID(TRIM(SUBSTITUTE(AA67,"員工代號:","")),FIND(" ",TRIM(SUBSTITUTE(AA67,"員工代號:","")))+1,255),1)))) | C67: 46191 | D67: 四 | E67: 07:27 | F67: 17:02 | G67: 0.31041667 | H67: 0.70972222 | I67: 0.70972222 | J67: 0.39930556 | K67: 1 | L67: 2026-06 | AA67: 員工代號:85479 黃蓉
A68: 67 | B68: =IF(AA68="","",IF(ISNUMBER(SEARCH("員工代號:",AA68)),"員工代號:","")&LEFT(LEFT(TRIM(SUBSTITUTE(AA68,"員工代號:","")),FIND(" ",TRIM(SUBSTITUTE(AA68,"員工代號:","")))-1),2)&REPT("*",MAX(1,LEN(LEFT(TRIM(SUBSTITUTE(AA68,"員工代號:","")),FIND(" ",TRIM(SUBSTITUTE(AA68,"員工代號:","")))-1))-4))&RIGHT(LEFT(TRIM(SUBSTITUTE(AA68,"員工代號:","")),FIND(" ",TRIM(SUBSTITUTE(AA68,"員工代號:","")))-1),2)&" "&IF(LEN(MID(TRIM(SUBSTITUTE(AA68,"員工代號:","")),FIND(" ",TRIM(SUBSTITUTE(AA68,"員工代號:","")))+1,255))<=1,"*",IF(LEN(MID(TRIM(SUBSTITUTE(AA68,"員工代號:","")),FIND(" ",TRIM(SUBSTITUTE(AA68,"員工代號:","")))+1,255))=2,LEFT(MID(TRIM(SUBSTITUTE(AA68,"員工代號:","")),FIND(" ",TRIM(SUBSTITUTE(AA68,"員工代號:","")))+1,255),1)&"*",LEFT(MID(TRIM(SUBSTITUTE(AA68,"員工代號:","")),FIND(" ",TRIM(SUBSTITUTE(AA68,"員工代號:","")))+1,255),1)&REPT("*",LEN(MID(TRIM(SUBSTITUTE(AA68,"員工代號:","")),FIND(" ",TRIM(SUBSTITUTE(AA68,"員工代號:","")))+1,255))-2)&RIGHT(MID(TRIM(SUBSTITUTE(AA68,"員工代號:","")),FIND(" ",TRIM(SUBSTITUTE(AA68,"員工代號:","")))+1,255),1)))) | C68: 46192 | D68: 五 | L68: 2026-06 | AA68: 員工代號:85479 黃蓉
A69: 68 | B69: =IF(AA69="","",IF(ISNUMBER(SEARCH("員工代號:",AA69)),"員工代號:","")&LEFT(LEFT(TRIM(SUBSTITUTE(AA69,"員工代號:","")),FIND(" ",TRIM(SUBSTITUTE(AA69,"員工代號:","")))-1),2)&REPT("*",MAX(1,LEN(LEFT(TRIM(SUBSTITUTE(AA69,"員工代號:","")),FIND(" ",TRIM(SUBSTITUTE(AA69,"員工代號:","")))-1))-4))&RIGHT(LEFT(TRIM(SUBSTITUTE(AA69,"員工代號:","")),FIND(" ",TRIM(SUBSTITUTE(AA69,"員工代號:","")))-1),2)&" "&IF(LEN(MID(TRIM(SUBSTITUTE(AA69,"員工代號:","")),FIND(" ",TRIM(SUBSTITUTE(AA69,"員工代號:","")))+1,255))<=1,"*",IF(LEN(MID(TRIM(SUBSTITUTE(AA69,"員工代號:","")),FIND(" ",TRIM(SUBSTITUTE(AA69,"員工代號:","")))+1,255))=2,LEFT(MID(TRIM(SUBSTITUTE(AA69,"員工代號:","")),FIND(" ",TRIM(SUBSTITUTE(AA69,"員工代號:","")))+1,255),1)&"*",LEFT(MID(TRIM(SUBSTITUTE(AA69,"員工代號:","")),FIND(" ",TRIM(SUBSTITUTE(AA69,"員工代號:","")))+1,255),1)&REPT("*",LEN(MID(TRIM(SUBSTITUTE(AA69,"員工代號:","")),FIND(" ",TRIM(SUBSTITUTE(AA69,"員工代號:","")))+1,255))-2)&RIGHT(MID(TRIM(SUBSTITUTE(AA69,"員工代號:","")),FIND(" ",TRIM(SUBSTITUTE(AA69,"員工代號:","")))+1,255),1)))) | C69: 46193 | D69: 六 | L69: 2026-06 | AA69: 員工代號:85479 黃蓉
A70: 69 | B70: =IF(AA70="","",IF(ISNUMBER(SEARCH("員工代號:",AA70)),"員工代號:","")&LEFT(LEFT(TRIM(SUBSTITUTE(AA70,"員工代號:","")),FIND(" ",TRIM(SUBSTITUTE(AA70,"員工代號:","")))-1),2)&REPT("*",MAX(1,LEN(LEFT(TRIM(SUBSTITUTE(AA70,"員工代號:","")),FIND(" ",TRIM(SUBSTITUTE(AA70,"員工代號:","")))-1))-4))&RIGHT(LEFT(TRIM(SUBSTITUTE(AA70,"員工代號:","")),FIND(" ",TRIM(SUBSTITUTE(AA70,"員工代號:","")))-1),2)&" "&IF(LEN(MID(TRIM(SUBSTITUTE(AA70,"員工代號:","")),FIND(" ",TRIM(SUBSTITUTE(AA70,"員工代號:","")))+1,255))<=1,"*",IF(LEN(MID(TRIM(SUBSTITUTE(AA70,"員工代號:","")),FIND(" ",TRIM(SUBSTITUTE(AA70,"員工代號:","")))+1,255))=2,LEFT(MID(TRIM(SUBSTITUTE(AA70,"員工代號:","")),FIND(" ",TRIM(SUBSTITUTE(AA70,"員工代號:","")))+1,255),1)&"*",LEFT(MID(TRIM(SUBSTITUTE(AA70,"員工代號:","")),FIND(" ",TRIM(SUBSTITUTE(AA70,"員工代號:","")))+1,255),1)&REPT("*",LEN(MID(TRIM(SUBSTITUTE(AA70,"員工代號:","")),FIND(" ",TRIM(SUBSTITUTE(AA70,"員工代號:","")))+1,255))-2)&RIGHT(MID(TRIM(SUBSTITUTE(AA70,"員工代號:","")),FIND(" ",TRIM(SUBSTITUTE(AA70,"員工代號:","")))+1,255),1)))) | C70: 46194 | D70: 日 | L70: 2026-06 | AA70: 員工代號:85479 黃蓉
A71: 70 | B71: =IF(AA71="","",IF(ISNUMBER(SEARCH("員工代號:",AA71)),"員工代號:","")&LEFT(LEFT(TRIM(SUBSTITUTE(AA71,"員工代號:","")),FIND(" ",TRIM(SUBSTITUTE(AA71,"員工代號:","")))-1),2)&REPT("*",MAX(1,LEN(LEFT(TRIM(SUBSTITUTE(AA71,"員工代號:","")),FIND(" ",TRIM(SUBSTITUTE(AA71,"員工代號:","")))-1))-4))&RIGHT(LEFT(TRIM(SUBSTITUTE(AA71,"員工代號:","")),FIND(" ",TRIM(SUBSTITUTE(AA71,"員工代號:","")))-1),2)&" "&IF(LEN(MID(TRIM(SUBSTITUTE(AA71,"員工代號:","")),FIND(" ",TRIM(SUBSTITUTE(AA71,"員工代號:","")))+1,255))<=1,"*",IF(LEN(MID(TRIM(SUBSTITUTE(AA71,"員工代號:","")),FIND(" ",TRIM(SUBSTITUTE(AA71,"員工代號:","")))+1,255))=2,LEFT(MID(TRIM(SUBSTITUTE(AA71,"員工代號:","")),FIND(" ",TRIM(SUBSTITUTE(AA71,"員工代號:","")))+1,255),1)&"*",LEFT(MID(TRIM(SUBSTITUTE(AA71,"員工代號:","")),FIND(" ",TRIM(SUBSTITUTE(AA71,"員工代號:","")))+1,255),1)&REPT("*",LEN(MID(TRIM(SUBSTITUTE(AA71,"員工代號:","")),FIND(" ",TRIM(SUBSTITUTE(AA71,"員工代號:","")))+1,255))-2)&RIGHT(MID(TRIM(SUBSTITUTE(AA71,"員工代號:","")),FIND(" ",TRIM(SUBSTITUTE(AA71,"員工代號:","")))+1,255),1)))) | C71: 46195 | D71: 一 | E71: 07:29 | F71: 19:32 | G71: 0.31180556 | H71: 0.81388889 | I71: 0.8125 | J71: 0.50069444 | K71: 1 | L71: 2026-06 | AA71: 員工代號:85479 黃蓉
A72: 71 | B72: =IF(AA72="","",IF(ISNUMBER(SEARCH("員工代號:",AA72)),"員工代號:","")&LEFT(LEFT(TRIM(SUBSTITUTE(AA72,"員工代號:","")),FIND(" ",TRIM(SUBSTITUTE(AA72,"員工代號:","")))-1),2)&REPT("*",MAX(1,LEN(LEFT(TRIM(SUBSTITUTE(AA72,"員工代號:","")),FIND(" ",TRIM(SUBSTITUTE(AA72,"員工代號:","")))-1))-4))&RIGHT(LEFT(TRIM(SUBSTITUTE(AA72,"員工代號:","")),FIND(" ",TRIM(SUBSTITUTE(AA72,"員工代號:","")))-1),2)&" "&IF(LEN(MID(TRIM(SUBSTITUTE(AA72,"員工代號:","")),FIND(" ",TRIM(SUBSTITUTE(AA72,"員工代號:","")))+1,255))<=1,"*",IF(LEN(MID(TRIM(SUBSTITUTE(AA72,"員工代號:","")),FIND(" ",TRIM(SUBSTITUTE(AA72,"員工代號:","")))+1,255))=2,LEFT(MID(TRIM(SUBSTITUTE(AA72,"員工代號:","")),FIND(" ",TRIM(SUBSTITUTE(AA72,"員工代號:","")))+1,255),1)&"*",LEFT(MID(TRIM(SUBSTITUTE(AA72,"員工代號:","")),FIND(" ",TRIM(SUBSTITUTE(AA72,"員工代號:","")))+1,255),1)&REPT("*",LEN(MID(TRIM(SUBSTITUTE(AA72,"員工代號:","")),FIND(" ",TRIM(SUBSTITUTE(AA72,"員工代號:","")))+1,255))-2)&RIGHT(MID(TRIM(SUBSTITUTE(AA72,"員工代號:","")),FIND(" ",TRIM(SUBSTITUTE(AA72,"員工代號:","")))+1,255),1)))) | C72: 46195 | D72: 一 | E72: 17:34 | F72: 早退19:18 | G72: 0.73194444 | H72: 0.80416667 | I72: 0.80416667 | J72: 0.072222222 | K72: 0 | L72: 2026-06 | AA72: 員工代號:85479 黃蓉
A73: 72 | B73: =IF(AA73="","",IF(ISNUMBER(SEARCH("員工代號:",AA73)),"員工代號:","")&LEFT(LEFT(TRIM(SUBSTITUTE(AA73,"員工代號:","")),FIND(" ",TRIM(SUBSTITUTE(AA73,"員工代號:","")))-1),2)&REPT("*",MAX(1,LEN(LEFT(TRIM(SUBSTITUTE(AA73,"員工代號:","")),FIND(" ",TRIM(SUBSTITUTE(AA73,"員工代號:","")))-1))-4))&RIGHT(LEFT(TRIM(SUBSTITUTE(AA73,"員工代號:","")),FIND(" ",TRIM(SUBSTITUTE(AA73,"員工代號:","")))-1),2)&" "&IF(LEN(MID(TRIM(SUBSTITUTE(AA73,"員工代號:","")),FIND(" ",TRIM(SUBSTITUTE(AA73,"員工代號:","")))+1,255))<=1,"*",IF(LEN(MID(TRIM(SUBSTITUTE(AA73,"員工代號:","")),FIND(" ",TRIM(SUBSTITUTE(AA73,"員工代號:","")))+1,255))=2,LEFT(MID(TRIM(SUBSTITUTE(AA73,"員工代號:","")),FIND(" ",TRIM(SUBSTITUTE(AA73,"員工代號:","")))+1,255),1)&"*",LEFT(MID(TRIM(SUBSTITUTE(AA73,"員工代號:","")),FIND(" ",TRIM(SUBSTITUTE(AA73,"員工代號:","")))+1,255),1)&REPT("*",LEN(MID(TRIM(SUBSTITUTE(AA73,"員工代號:","")),FIND(" ",TRIM(SUBSTITUTE(AA73,"員工代號:","")))+1,255))-2)&RIGHT(MID(TRIM(SUBSTITUTE(AA73,"員工代號:","")),FIND(" ",TRIM(SUBSTITUTE(AA73,"員工代號:","")))+1,255),1)))) | C73: 46196 | D73: 二 | E73: 07:24 | F73: 20:32 | G73: 0.30833333 | H73: 0.85555556 | I73: 0.8125 | J73: 0.50416667 | K73: 1 | L73: 2026-06 | AA73: 員工代號:85479 黃蓉
A74: 73 | B74: =IF(AA74="","",IF(ISNUMBER(SEARCH("員工代號:",AA74)),"員工代號:","")&LEFT(LEFT(TRIM(SUBSTITUTE(AA74,"員工代號:","")),FIND(" ",TRIM(SUBSTITUTE(AA74,"員工代號:","")))-1),2)&REPT("*",MAX(1,LEN(LEFT(TRIM(SUBSTITUTE(AA74,"員工代號:","")),FIND(" ",TRIM(SUBSTITUTE(AA74,"員工代號:","")))-1))-4))&RIGHT(LEFT(TRIM(SUBSTITUTE(AA74,"員工代號:","")),FIND(" ",TRIM(SUBSTITUTE(AA74,"員工代號:","")))-1),2)&" "&IF(LEN(MID(TRIM(SUBSTITUTE(AA74,"員工代號:","")),FIND(" ",TRIM(SUBSTITUTE(AA74,"員工代號:","")))+1,255))<=1,"*",IF(LEN(MID(TRIM(SUBSTITUTE(AA74,"員工代號:","")),FIND(" ",TRIM(SUBSTITUTE(AA74,"員工代號:","")))+1,255))=2,LEFT(MID(TRIM(SUBSTITUTE(AA74,"員工代號:","")),FIND(" ",TRIM(SUBSTITUTE(AA74,"員工代號:","")))+1,255),1)&"*",LEFT(MID(TRIM(SUBSTITUTE(AA74,"員工代號:","")),FIND(" ",TRIM(SUBSTITUTE(AA74,"員工代號:","")))+1,255),1)&REPT("*",LEN(MID(TRIM(SUBSTITUTE(AA74,"員工代號:","")),FIND(" ",TRIM(SUBSTITUTE(AA74,"員工代號:","")))+1,255))-2)&RIGHT(MID(TRIM(SUBSTITUTE(AA74,"員工代號:","")),FIND(" ",TRIM(SUBSTITUTE(AA74,"員工代號:","")))+1,255),1)))) | C74: 46197 | D74: 三 | E74: 07:27 | F74: 19:32 | G74: 0.31041667 | H74: 0.81388889 | I74: 0.8125 | J74: 0.50208333 | K74: 1 | L74: 2026-06 | AA74: 員工代號:85479 黃蓉
A75: 74 | B75: =IF(AA75="","",IF(ISNUMBER(SEARCH("員工代號:",AA75)),"員工代號:","")&LEFT(LEFT(TRIM(SUBSTITUTE(AA75,"員工代號:","")),FIND(" ",TRIM(SUBSTITUTE(AA75,"員工代號:","")))-1),2)&REPT("*",MAX(1,LEN(LEFT(TRIM(SUBSTITUTE(AA75,"員工代號:","")),FIND(" ",TRIM(SUBSTITUTE(AA75,"員工代號:","")))-1))-4))&RIGHT(LEFT(TRIM(SUBSTITUTE(AA75,"員工代號:","")),FIND(" ",TRIM(SUBSTITUTE(AA75,"員工代號:","")))-1),2)&" "&IF(LEN(MID(TRIM(SUBSTITUTE(AA75,"員工代號:","")),FIND(" ",TRIM(SUBSTITUTE(AA75,"員工代號:","")))+1,255))<=1,"*",IF(LEN(MID(TRIM(SUBSTITUTE(AA75,"員工代號:","")),FIND(" ",TRIM(SUBSTITUTE(AA75,"員工代號:","")))+1,255))=2,LEFT(MID(TRIM(SUBSTITUTE(AA75,"員工代號:","")),FIND(" ",TRIM(SUBSTITUTE(AA75,"員工代號:","")))+1,255),1)&"*",LEFT(MID(TRIM(SUBSTITUTE(AA75,"員工代號:","")),FIND(" ",TRIM(SUBSTITUTE(AA75,"員工代號:","")))+1,255),1)&REPT("*",LEN(MID(TRIM(SUBSTITUTE(AA75,"員工代號:","")),FIND(" ",TRIM(SUBSTITUTE(AA75,"員工代號:","")))+1,255))-2)&RIGHT(MID(TRIM(SUBSTITUTE(AA75,"員工代號:","")),FIND(" ",TRIM(SUBSTITUTE(AA75,"員工代號:","")))+1,255),1)))) | C75: 46198 | D75: 四 | E75: 07:32 | F75: 20:32 | G75: 0.31388889 | H75: 0.85555556 | I75: 0.8125 | J75: 0.49861111 | K75: 1 | L75: 2026-06 | AA75: 員工代號:85479 黃蓉
A76: 75 | B76: =IF(AA76="","",IF(ISNUMBER(SEARCH("員工代號:",AA76)),"員工代號:","")&LEFT(LEFT(TRIM(SUBSTITUTE(AA76,"員工代號:","")),FIND(" ",TRIM(SUBSTITUTE(AA76,"員工代號:","")))-1),2)&REPT("*",MAX(1,LEN(LEFT(TRIM(SUBSTITUTE(AA76,"員工代號:","")),FIND(" ",TRIM(SUBSTITUTE(AA76,"員工代號:","")))-1))-4))&RIGHT(LEFT(TRIM(SUBSTITUTE(AA76,"員工代號:","")),FIND(" ",TRIM(SUBSTITUTE(AA76,"員工代號:","")))-1),2)&" "&IF(LEN(MID(TRIM(SUBSTITUTE(AA76,"員工代號:","")),FIND(" ",TRIM(SUBSTITUTE(AA76,"員工代號:","")))+1,255))<=1,"*",IF(LEN(MID(TRIM(SUBSTITUTE(AA76,"員工代號:","")),FIND(" ",TRIM(SUBSTITUTE(AA76,"員工代號:","")))+1,255))=2,LEFT(MID(TRIM(SUBSTITUTE(AA76,"員工代號:","")),FIND(" ",TRIM(SUBSTITUTE(AA76,"員工代號:","")))+1,255),1)&"*",LEFT(MID(TRIM(SUBSTITUTE(AA76,"員工代號:","")),FIND(" ",TRIM(SUBSTITUTE(AA76,"員工代號:","")))+1,255),1)&REPT("*",LEN(MID(TRIM(SUBSTITUTE(AA76,"員工代號:","")),FIND(" ",TRIM(SUBSTITUTE(AA76,"員工代號:","")))+1,255))-2)&RIGHT(MID(TRIM(SUBSTITUTE(AA76,"員工代號:","")),FIND(" ",TRIM(SUBSTITUTE(AA76,"員工代號:","")))+1,255),1)))) | C76: 46199 | D76: 五 | L76: 2026-06 | AA76: 員工代號:85479 黃蓉
A77: 76 | B77: =IF(AA77="","",IF(ISNUMBER(SEARCH("員工代號:",AA77)),"員工代號:","")&LEFT(LEFT(TRIM(SUBSTITUTE(AA77,"員工代號:","")),FIND(" ",TRIM(SUBSTITUTE(AA77,"員工代號:","")))-1),2)&REPT("*",MAX(1,LEN(LEFT(TRIM(SUBSTITUTE(AA77,"員工代號:","")),FIND(" ",TRIM(SUBSTITUTE(AA77,"員工代號:","")))-1))-4))&RIGHT(LEFT(TRIM(SUBSTITUTE(AA77,"員工代號:","")),FIND(" ",TRIM(SUBSTITUTE(AA77,"員工代號:","")))-1),2)&" "&IF(LEN(MID(TRIM(SUBSTITUTE(AA77,"員工代號:","")),FIND(" ",TRIM(SUBSTITUTE(AA77,"員工代號:","")))+1,255))<=1,"*",IF(LEN(MID(TRIM(SUBSTITUTE(AA77,"員工代號:","")),FIND(" ",TRIM(SUBSTITUTE(AA77,"員工代號:","")))+1,255))=2,LEFT(MID(TRIM(SUBSTITUTE(AA77,"員工代號:","")),FIND(" ",TRIM(SUBSTITUTE(AA77,"員工代號:","")))+1,255),1)&"*",LEFT(MID(TRIM(SUBSTITUTE(AA77,"員工代號:","")),FIND(" ",TRIM(SUBSTITUTE(AA77,"員工代號:","")))+1,255),1)&REPT("*",LEN(MID(TRIM(SUBSTITUTE(AA77,"員工代號:","")),FIND(" ",TRIM(SUBSTITUTE(AA77,"員工代號:","")))+1,255))-2)&RIGHT(MID(TRIM(SUBSTITUTE(AA77,"員工代號:","")),FIND(" ",TRIM(SUBSTITUTE(AA77,"員工代號:","")))+1,255),1)))) | C77: 46200 | D77: 六 | E77: 07:30 | F77: 早退15:03 | G77: 0.3125 | H77: 0.62708333 | I77: 0.62708333 | L77: 2026-06 | AA77: 員工代號:85479 黃蓉
A78: 77 | B78: =IF(AA78="","",IF(ISNUMBER(SEARCH("員工代號:",AA78)),"員工代號:","")&LEFT(LEFT(TRIM(SUBSTITUTE(AA78,"員工代號:","")),FIND(" ",TRIM(SUBSTITUTE(AA78,"員工代號:","")))-1),2)&REPT("*",MAX(1,LEN(LEFT(TRIM(SUBSTITUTE(AA78,"員工代號:","")),FIND(" ",TRIM(SUBSTITUTE(AA78,"員工代號:","")))-1))-4))&RIGHT(LEFT(TRIM(SUBSTITUTE(AA78,"員工代號:","")),FIND(" ",TRIM(SUBSTITUTE(AA78,"員工代號:","")))-1),2)&" "&IF(LEN(MID(TRIM(SUBSTITUTE(AA78,"員工代號:","")),FIND(" ",TRIM(SUBSTITUTE(AA78,"員工代號:","")))+1,255))<=1,"*",IF(LEN(MID(TRIM(SUBSTITUTE(AA78,"員工代號:","")),FIND(" ",TRIM(SUBSTITUTE(AA78,"員工代號:","")))+1,255))=2,LEFT(MID(TRIM(SUBSTITUTE(AA78,"員工代號:","")),FIND(" ",TRIM(SUBSTITUTE(AA78,"員工代號:","")))+1,255),1)&"*",LEFT(MID(TRIM(SUBSTITUTE(AA78,"員工代號:","")),FIND(" ",TRIM(SUBSTITUTE(AA78,"員工代號:","")))+1,255),1)&REPT("*",LEN(MID(TRIM(SUBSTITUTE(AA78,"員工代號:","")),FIND(" ",TRIM(SUBSTITUTE(AA78,"員工代號:","")))+1,255))-2)&RIGHT(MID(TRIM(SUBSTITUTE(AA78,"員工代號:","")),FIND(" ",TRIM(SUBSTITUTE(AA78,"員工代號:","")))+1,255),1)))) | C78: 46201 | D78: 日 | L78: 2026-06 | AA78: 員工代號:85479 黃蓉
A79: 78 | B79: =IF(AA79="","",IF(ISNUMBER(SEARCH("員工代號:",AA79)),"員工代號:","")&LEFT(LEFT(TRIM(SUBSTITUTE(AA79,"員工代號:","")),FIND(" ",TRIM(SUBSTITUTE(AA79,"員工代號:","")))-1),2)&REPT("*",MAX(1,LEN(LEFT(TRIM(SUBSTITUTE(AA79,"員工代號:","")),FIND(" ",TRIM(SUBSTITUTE(AA79,"員工代號:","")))-1))-4))&RIGHT(LEFT(TRIM(SUBSTITUTE(AA79,"員工代號:","")),FIND(" ",TRIM(SUBSTITUTE(AA79,"員工代號:","")))-1),2)&" "&IF(LEN(MID(TRIM(SUBSTITUTE(AA79,"員工代號:","")),FIND(" ",TRIM(SUBSTITUTE(AA79,"員工代號:","")))+1,255))<=1,"*",IF(LEN(MID(TRIM(SUBSTITUTE(AA79,"員工代號:","")),FIND(" ",TRIM(SUBSTITUTE(AA79,"員工代號:","")))+1,255))=2,LEFT(MID(TRIM(SUBSTITUTE(AA79,"員工代號:","")),FIND(" ",TRIM(SUBSTITUTE(AA79,"員工代號:","")))+1,255),1)&"*",LEFT(MID(TRIM(SUBSTITUTE(AA79,"員工代號:","")),FIND(" ",TRIM(SUBSTITUTE(AA79,"員工代號:","")))+1,255),1)&REPT("*",LEN(MID(TRIM(SUBSTITUTE(AA79,"員工代號:","")),FIND(" ",TRIM(SUBSTITUTE(AA79,"員工代號:","")))+1,255))-2)&RIGHT(MID(TRIM(SUBSTITUTE(AA79,"員工代號:","")),FIND(" ",TRIM(SUBSTITUTE(AA79,"員工代號:","")))+1,255),1)))) | C79: 46202 | D79: 一 | E79: 07:29 | F79: 20:32 | G79: 0.31180556 | H79: 0.85555556 | I79: 0.8125 | J79: 0.50069444 | K79: 1 | L79: 2026-06 | AA79: 員工代號:85479 黃蓉
A80: 79 | B80: =IF(AA80="","",IF(ISNUMBER(SEARCH("員工代號:",AA80)),"員工代號:","")&LEFT(LEFT(TRIM(SUBSTITUTE(AA80,"員工代號:","")),FIND(" ",TRIM(SUBSTITUTE(AA80,"員工代號:","")))-1),2)&REPT("*",MAX(1,LEN(LEFT(TRIM(SUBSTITUTE(AA80,"員工代號:","")),FIND(" ",TRIM(SUBSTITUTE(AA80,"員工代號:","")))-1))-4))&RIGHT(LEFT(TRIM(SUBSTITUTE(AA80,"員工代號:","")),FIND(" ",TRIM(SUBSTITUTE(AA80,"員工代號:","")))-1),2)&" "&IF(LEN(MID(TRIM(SUBSTITUTE(AA80,"員工代號:","")),FIND(" ",TRIM(SUBSTITUTE(AA80,"員工代號:","")))+1,255))<=1,"*",IF(LEN(MID(TRIM(SUBSTITUTE(AA80,"員工代號:","")),FIND(" ",TRIM(SUBSTITUTE(AA80,"員工代號:","")))+1,255))=2,LEFT(MID(TRIM(SUBSTITUTE(AA80,"員工代號:","")),FIND(" ",TRIM(SUBSTITUTE(AA80,"員工代號:","")))+1,255),1)&"*",LEFT(MID(TRIM(SUBSTITUTE(AA80,"員工代號:","")),FIND(" ",TRIM(SUBSTITUTE(AA80,"員工代號:","")))+1,255),1)&REPT("*",LEN(MID(TRIM(SUBSTITUTE(AA80,"員工代號:","")),FIND(" ",TRIM(SUBSTITUTE(AA80,"員工代號:","")))+1,255))-2)&RIGHT(MID(TRIM(SUBSTITUTE(AA80,"員工代號:","")),FIND(" ",TRIM(SUBSTITUTE(AA80,"員工代號:","")))+1,255),1)))) | C80: 46203 | D80: 二 | E80: 07:27 | F80: 20:32 | G80: 0.31041667 | H80: 0.85555556 | I80: 0.8125 | J80: 0.50208333 | K80: 1 | L80: 2026-06 | AA80: 員工代號:85479 黃蓉
A91: 90 | B91: =IF(AA91="","",IF(ISNUMBER(SEARCH("員工代號:",AA91)),"員工代號:","")&LEFT(LEFT(TRIM(SUBSTITUTE(AA91,"員工代號:","")),FIND(" ",TRIM(SUBSTITUTE(AA91,"員工代號:","")))-1),2)&REPT("*",MAX(1,LEN(LEFT(TRIM(SUBSTITUTE(AA91,"員工代號:","")),FIND(" ",TRIM(SUBSTITUTE(AA91,"員工代號:","")))-1))-4))&RIGHT(LEFT(TRIM(SUBSTITUTE(AA91,"員工代號:","")),FIND(" ",TRIM(SUBSTITUTE(AA91,"員工代號:","")))-1),2)&" "&IF(LEN(MID(TRIM(SUBSTITUTE(AA91,"員工代號:","")),FIND(" ",TRIM(SUBSTITUTE(AA91,"員工代號:","")))+1,255))<=1,"*",IF(LEN(MID(TRIM(SUBSTITUTE(AA91,"員工代號:","")),FIND(" ",TRIM(SUBSTITUTE(AA91,"員工代號:","")))+1,255))=2,LEFT(MID(TRIM(SUBSTITUTE(AA91,"員工代號:","")),FIND(" ",TRIM(SUBSTITUTE(AA91,"員工代號:","")))+1,255),1)&"*",LEFT(MID(TRIM(SUBSTITUTE(AA91,"員工代號:","")),FIND(" ",TRIM(SUBSTITUTE(AA91,"員工代號:","")))+1,255),1)&REPT("*",LEN(MID(TRIM(SUBSTITUTE(AA91,"員工代號:","")),FIND(" ",TRIM(SUBSTITUTE(AA91,"員工代號:","")))+1,255))-2)&RIGHT(MID(TRIM(SUBSTITUTE(AA91,"員工代號:","")),FIND(" ",TRIM(SUBSTITUTE(AA91,"員工代號:","")))+1,255),1)))) | C91: 46174 | D91: 一 | E91: 07:21 | F91: 17:10 | G91: 0.30625 | H91: 0.71527778 | I91: 0.71527778 | J91: 0.40902778 | K91: 1 | L91: 2026-06 | AA91: 員工代號:96638 楊過
A92: 91 | B92: =IF(AA92="","",IF(ISNUMBER(SEARCH("員工代號:",AA92)),"員工代號:","")&LEFT(LEFT(TRIM(SUBSTITUTE(AA92,"員工代號:","")),FIND(" ",TRIM(SUBSTITUTE(AA92,"員工代號:","")))-1),2)&REPT("*",MAX(1,LEN(LEFT(TRIM(SUBSTITUTE(AA92,"員工代號:","")),FIND(" ",TRIM(SUBSTITUTE(AA92,"員工代號:","")))-1))-4))&RIGHT(LEFT(TRIM(SUBSTITUTE(AA92,"員工代號:","")),FIND(" ",TRIM(SUBSTITUTE(AA92,"員工代號:","")))-1),2)&" "&IF(LEN(MID(TRIM(SUBSTITUTE(AA92,"員工代號:","")),FIND(" ",TRIM(SUBSTITUTE(AA92,"員工代號:","")))+1,255))<=1,"*",IF(LEN(MID(TRIM(SUBSTITUTE(AA92,"員工代號:","")),FIND(" ",TRIM(SUBSTITUTE(AA92,"員工代號:","")))+1,255))=2,LEFT(MID(TRIM(SUBSTITUTE(AA92,"員工代號:","")),FIND(" ",TRIM(SUBSTITUTE(AA92,"員工代號:","")))+1,255),1)&"*",LEFT(MID(TRIM(SUBSTITUTE(AA92,"員工代號:","")),FIND(" ",TRIM(SUBSTITUTE(AA92,"員工代號:","")))+1,255),1)&REPT("*",LEN(MID(TRIM(SUBSTITUTE(AA92,"員工代號:","")),FIND(" ",TRIM(SUBSTITUTE(AA92,"員工代號:","")))+1,255))-2)&RIGHT(MID(TRIM(SUBSTITUTE(AA92,"員工代號:","")),FIND(" ",TRIM(SUBSTITUTE(AA92,"員工代號:","")))+1,255),1)))) | C92: 46175 | D92: 二 | E92: 07:25 | F92: 17:03 | G92: 0.30902778 | H92: 0.71041667 | I92: 0.71041667 | J92: 0.40138889 | K92: 1 | L92: 2026-06 | AA92: 員工代號:96638 楊過
A93: 92 | B93: =IF(AA93="","",IF(ISNUMBER(SEARCH("員工代號:",AA93)),"員工代號:","")&LEFT(LEFT(TRIM(SUBSTITUTE(AA93,"員工代號:","")),FIND(" ",TRIM(SUBSTITUTE(AA93,"員工代號:","")))-1),2)&REPT("*",MAX(1,LEN(LEFT(TRIM(SUBSTITUTE(AA93,"員工代號:","")),FIND(" ",TRIM(SUBSTITUTE(AA93,"員工代號:","")))-1))-4))&RIGHT(LEFT(TRIM(SUBSTITUTE(AA93,"員工代號:","")),FIND(" ",TRIM(SUBSTITUTE(AA93,"員工代號:","")))-1),2)&" "&IF(LEN(MID(TRIM(SUBSTITUTE(AA93,"員工代號:","")),FIND(" ",TRIM(SUBSTITUTE(AA93,"員工代號:","")))+1,255))<=1,"*",IF(LEN(MID(TRIM(SUBSTITUTE(AA93,"員工代號:","")),FIND(" ",TRIM(SUBSTITUTE(AA93,"員工代號:","")))+1,255))=2,LEFT(MID(TRIM(SUBSTITUTE(AA93,"員工代號:","")),FIND(" ",TRIM(SUBSTITUTE(AA93,"員工代號:","")))+1,255),1)&"*",LEFT(MID(TRIM(SUBSTITUTE(AA93,"員工代號:","")),FIND(" ",TRIM(SUBSTITUTE(AA93,"員工代號:","")))+1,255),1)&REPT("*",LEN(MID(TRIM(SUBSTITUTE(AA93,"員工代號:","")),FIND(" ",TRIM(SUBSTITUTE(AA93,"員工代號:","")))+1,255))-2)&RIGHT(MID(TRIM(SUBSTITUTE(AA93,"員工代號:","")),FIND(" ",TRIM(SUBSTITUTE(AA93,"員工代號:","")))+1,255),1)))) | C93: 46176 | D93: 三 | E93: 07:19 | F93: 17:02 | G93: 0.30486111 | H93: 0.70972222 | I93: 0.70972222 | J93: 0.40486111 | K93: 1 | L93: 2026-06 | AA93: 員工代號:96638 楊過
A94: 93 | B94: =IF(AA94="","",IF(ISNUMBER(SEARCH("員工代號:",AA94)),"員工代號:","")&LEFT(LEFT(TRIM(SUBSTITUTE(AA94,"員工代號:","")),FIND(" ",TRIM(SUBSTITUTE(AA94,"員工代號:","")))-1),2)&REPT("*",MAX(1,LEN(LEFT(TRIM(SUBSTITUTE(AA94,"員工代號:","")),FIND(" ",TRIM(SUBSTITUTE(AA94,"員工代號:","")))-1))-4))&RIGHT(LEFT(TRIM(SUBSTITUTE(AA94,"員工代號:","")),FIND(" ",TRIM(SUBSTITUTE(AA94,"員工代號:","")))-1),2)&" "&IF(LEN(MID(TRIM(SUBSTITUTE(AA94,"員工代號:","")),FIND(" ",TRIM(SUBSTITUTE(AA94,"員工代號:","")))+1,255))<=1,"*",IF(LEN(MID(TRIM(SUBSTITUTE(AA94,"員工代號:","")),FIND(" ",TRIM(SUBSTITUTE(AA94,"員工代號:","")))+1,255))=2,LEFT(MID(TRIM(SUBSTITUTE(AA94,"員工代號:","")),FIND(" ",TRIM(SUBSTITUTE(AA94,"員工代號:","")))+1,255),1)&"*",LEFT(MID(TRIM(SUBSTITUTE(AA94,"員工代號:","")),FIND(" ",TRIM(SUBSTITUTE(AA94,"員工代號:","")))+1,255),1)&REPT("*",LEN(MID(TRIM(SUBSTITUTE(AA94,"員工代號:","")),FIND(" ",TRIM(SUBSTITUTE(AA94,"員工代號:","")))+1,255))-2)&RIGHT(MID(TRIM(SUBSTITUTE(AA94,"員工代號:","")),FIND(" ",TRIM(SUBSTITUTE(AA94,"員工代號:","")))+1,255),1)))) | C94: 46177 | D94: 四 | E94: 07:26 | F94: 17:02 | G94: 0.30972222 | H94: 0.70972222 | I94: 0.70972222 | J94: 0.4 | K94: 1 | L94: 2026-06 | AA94: 員工代號:96638 楊過
A95: 94 | B95: =IF(AA95="","",IF(ISNUMBER(SEARCH("員工代號:",AA95)),"員工代號:","")&LEFT(LEFT(TRIM(SUBSTITUTE(AA95,"員工代號:","")),FIND(" ",TRIM(SUBSTITUTE(AA95,"員工代號:","")))-1),2)&REPT("*",MAX(1,LEN(LEFT(TRIM(SUBSTITUTE(AA95,"員工代號:","")),FIND(" ",TRIM(SUBSTITUTE(AA95,"員工代號:","")))-1))-4))&RIGHT(LEFT(TRIM(SUBSTITUTE(AA95,"員工代號:","")),FIND(" ",TRIM(SUBSTITUTE(AA95,"員工代號:","")))-1),2)&" "&IF(LEN(MID(TRIM(SUBSTITUTE(AA95,"員工代號:","")),FIND(" ",TRIM(SUBSTITUTE(AA95,"員工代號:","")))+1,255))<=1,"*",IF(LEN(MID(TRIM(SUBSTITUTE(AA95,"員工代號:","")),FIND(" ",TRIM(SUBSTITUTE(AA95,"員工代號:","")))+1,255))=2,LEFT(MID(TRIM(SUBSTITUTE(AA95,"員工代號:","")),FIND(" ",TRIM(SUBSTITUTE(AA95,"員工代號:","")))+1,255),1)&"*",LEFT(MID(TRIM(SUBSTITUTE(AA95,"員工代號:","")),FIND(" ",TRIM(SUBSTITUTE(AA95,"員工代號:","")))+1,255),1)&REPT("*",LEN(MID(TRIM(SUBSTITUTE(AA95,"員工代號:","")),FIND(" ",TRIM(SUBSTITUTE(AA95,"員工代號:","")))+1,255))-2)&RIGHT(MID(TRIM(SUBSTITUTE(AA95,"員工代號:","")),FIND(" ",TRIM(SUBSTITUTE(AA95,"員工代號:","")))+1,255),1)))) | C95: 46178 | D95: 五 | E95: 07:29 | F95: 17:56 | G95: 0.31180556 | H95: 0.74722222 | I95: 0.74722222 | J95: 0.43541667 | K95: 1 | L95: 2026-06 | AA95: 員工代號:96638 楊過
A96: 95 | B96: =IF(AA96="","",IF(ISNUMBER(SEARCH("員工代號:",AA96)),"員工代號:","")&LEFT(LEFT(TRIM(SUBSTITUTE(AA96,"員工代號:","")),FIND(" ",TRIM(SUBSTITUTE(AA96,"員工代號:","")))-1),2)&REPT("*",MAX(1,LEN(LEFT(TRIM(SUBSTITUTE(AA96,"員工代號:","")),FIND(" ",TRIM(SUBSTITUTE(AA96,"員工代號:","")))-1))-4))&RIGHT(LEFT(TRIM(SUBSTITUTE(AA96,"員工代號:","")),FIND(" ",TRIM(SUBSTITUTE(AA96,"員工代號:","")))-1),2)&" "&IF(LEN(MID(TRIM(SUBSTITUTE(AA96,"員工代號:","")),FIND(" ",TRIM(SUBSTITUTE(AA96,"員工代號:","")))+1,255))<=1,"*",IF(LEN(MID(TRIM(SUBSTITUTE(AA96,"員工代號:","")),FIND(" ",TRIM(SUBSTITUTE(AA96,"員工代號:","")))+1,255))=2,LEFT(MID(TRIM(SUBSTITUTE(AA96,"員工代號:","")),FIND(" ",TRIM(SUBSTITUTE(AA96,"員工代號:","")))+1,255),1)&"*",LEFT(MID(TRIM(SUBSTITUTE(AA96,"員工代號:","")),FIND(" ",TRIM(SUBSTITUTE(AA96,"員工代號:","")))+1,255),1)&REPT("*",LEN(MID(TRIM(SUBSTITUTE(AA96,"員工代號:","")),FIND(" ",TRIM(SUBSTITUTE(AA96,"員工代號:","")))+1,255))-2)&RIGHT(MID(TRIM(SUBSTITUTE(AA96,"員工代號:","")),FIND(" ",TRIM(SUBSTITUTE(AA96,"員工代號:","")))+1,255),1)))) | C96: 46179 | D96: 六 | L96: 2026-06 | AA96: 員工代號:96638 楊過
A97: 96 | B97: =IF(AA97="","",IF(ISNUMBER(SEARCH("員工代號:",AA97)),"員工代號:","")&LEFT(LEFT(TRIM(SUBSTITUTE(AA97,"員工代號:","")),FIND(" ",TRIM(SUBSTITUTE(AA97,"員工代號:","")))-1),2)&REPT("*",MAX(1,LEN(LEFT(TRIM(SUBSTITUTE(AA97,"員工代號:","")),FIND(" ",TRIM(SUBSTITUTE(AA97,"員工代號:","")))-1))-4))&RIGHT(LEFT(TRIM(SUBSTITUTE(AA97,"員工代號:","")),FIND(" ",TRIM(SUBSTITUTE(AA97,"員工代號:","")))-1),2)&" "&IF(LEN(MID(TRIM(SUBSTITUTE(AA97,"員工代號:","")),FIND(" ",TRIM(SUBSTITUTE(AA97,"員工代號:","")))+1,255))<=1,"*",IF(LEN(MID(TRIM(SUBSTITUTE(AA97,"員工代號:","")),FIND(" ",TRIM(SUBSTITUTE(AA97,"員工代號:","")))+1,255))=2,LEFT(MID(TRIM(SUBSTITUTE(AA97,"員工代號:","")),FIND(" ",TRIM(SUBSTITUTE(AA97,"員工代號:","")))+1,255),1)&"*",LEFT(MID(TRIM(SUBSTITUTE(AA97,"員工代號:","")),FIND(" ",TRIM(SUBSTITUTE(AA97,"員工代號:","")))+1,255),1)&REPT("*",LEN(MID(TRIM(SUBSTITUTE(AA97,"員工代號:","")),FIND(" ",TRIM(SUBSTITUTE(AA97,"員工代號:","")))+1,255))-2)&RIGHT(MID(TRIM(SUBSTITUTE(AA97,"員工代號:","")),FIND(" ",TRIM(SUBSTITUTE(AA97,"員工代號:","")))+1,255),1)))) | C97: 46180 | D97: 日 | L97: 2026-06 | AA97: 員工代號:96638 楊過
A98: 97 | B98: =IF(AA98="","",IF(ISNUMBER(SEARCH("員工代號:",AA98)),"員工代號:","")&LEFT(LEFT(TRIM(SUBSTITUTE(AA98,"員工代號:","")),FIND(" ",TRIM(SUBSTITUTE(AA98,"員工代號:","")))-1),2)&REPT("*",MAX(1,LEN(LEFT(TRIM(SUBSTITUTE(AA98,"員工代號:","")),FIND(" ",TRIM(SUBSTITUTE(AA98,"員工代號:","")))-1))-4))&RIGHT(LEFT(TRIM(SUBSTITUTE(AA98,"員工代號:","")),FIND(" ",TRIM(SUBSTITUTE(AA98,"員工代號:","")))-1),2)&" "&IF(LEN(MID(TRIM(SUBSTITUTE(AA98,"員工代號:","")),FIND(" ",TRIM(SUBSTITUTE(AA98,"員工代號:","")))+1,255))<=1,"*",IF(LEN(MID(TRIM(SUBSTITUTE(AA98,"員工代號:","")),FIND(" ",TRIM(SUBSTITUTE(AA98,"員工代號:","")))+1,255))=2,LEFT(MID(TRIM(SUBSTITUTE(AA98,"員工代號:","")),FIND(" ",TRIM(SUBSTITUTE(AA98,"員工代號:","")))+1,255),1)&"*",LEFT(MID(TRIM(SUBSTITUTE(AA98,"員工代號:","")),FIND(" ",TRIM(SUBSTITUTE(AA98,"員工代號:","")))+1,255),1)&REPT("*",LEN(MID(TRIM(SUBSTITUTE(AA98,"員工代號:","")),FIND(" ",TRIM(SUBSTITUTE(AA98,"員工代號:","")))+1,255))-2)&RIGHT(MID(TRIM(SUBSTITUTE(AA98,"員工代號:","")),FIND(" ",TRIM(SUBSTITUTE(AA98,"員工代號:","")))+1,255),1)))) | C98: 46181 | D98: 一 | E98: 07:25 | F98: 17:18 | G98: 0.30902778 | H98: 0.72083333 | I98: 0.72083333 | J98: 0.41180556 | K98: 1 | L98: 2026-06 | AA98: 員工代號:96638 楊過
A99: 98 | B99: =IF(AA99="","",IF(ISNUMBER(SEARCH("員工代號:",AA99)),"員工代號:","")&LEFT(LEFT(TRIM(SUBSTITUTE(AA99,"員工代號:","")),FIND(" ",TRIM(SUBSTITUTE(AA99,"員工代號:","")))-1),2)&REPT("*",MAX(1,LEN(LEFT(TRIM(SUBSTITUTE(AA99,"員工代號:","")),FIND(" ",TRIM(SUBSTITUTE(AA99,"員工代號:","")))-1))-4))&RIGHT(LEFT(TRIM(SUBSTITUTE(AA99,"員工代號:","")),FIND(" ",TRIM(SUBSTITUTE(AA99,"員工代號:","")))-1),2)&" "&IF(LEN(MID(TRIM(SUBSTITUTE(AA99,"員工代號:","")),FIND(" ",TRIM(SUBSTITUTE(AA99,"員工代號:","")))+1,255))<=1,"*",IF(LEN(MID(TRIM(SUBSTITUTE(AA99,"員工代號:","")),FIND(" ",TRIM(SUBSTITUTE(AA99,"員工代號:","")))+1,255))=2,LEFT(MID(TRIM(SUBSTITUTE(AA99,"員工代號:","")),FIND(" ",TRIM(SUBSTITUTE(AA99,"員工代號:","")))+1,255),1)&"*",LEFT(MID(TRIM(SUBSTITUTE(AA99,"員工代號:","")),FIND(" ",TRIM(SUBSTITUTE(AA99,"員工代號:","")))+1,255),1)&REPT("*",LEN(MID(TRIM(SUBSTITUTE(AA99,"員工代號:","")),FIND(" ",TRIM(SUBSTITUTE(AA99,"員工代號:","")))+1,255))-2)&RIGHT(MID(TRIM(SUBSTITUTE(AA99,"員工代號:","")),FIND(" ",TRIM(SUBSTITUTE(AA99,"員工代號:","")))+1,255),1)))) | C99: 46182 | D99: 二 | E99: 07:28 | F99: 17:02 | G99: 0.31111111 | H99: 0.70972222 | I99: 0.70972222 | J99: 0.39861111 | K99: 1 | L99: 2026-06 | AA99: 員工代號:96638 楊過
A100: 99 | B100: =IF(AA100="","",IF(ISNUMBER(SEARCH("員工代號:",AA100)),"員工代號:","")&LEFT(LEFT(TRIM(SUBSTITUTE(AA100,"員工代號:","")),FIND(" ",TRIM(SUBSTITUTE(AA100,"員工代號:","")))-1),2)&REPT("*",MAX(1,LEN(LEFT(TRIM(SUBSTITUTE(AA100,"員工代號:","")),FIND(" ",TRIM(SUBSTITUTE(AA100,"員工代號:","")))-1))-4))&RIGHT(LEFT(TRIM(SUBSTITUTE(AA100,"員工代號:","")),FIND(" ",TRIM(SUBSTITUTE(AA100,"員工代號:","")))-1),2)&" "&IF(LEN(MID(TRIM(SUBSTITUTE(AA100,"員工代號:","")),FIND(" ",TRIM(SUBSTITUTE(AA100,"員工代號:","")))+1,255))<=1,"*",IF(LEN(MID(TRIM(SUBSTITUTE(AA100,"員工代號:","")),FIND(" ",TRIM(SUBSTITUTE(AA100,"員工代號:","")))+1,255))=2,LEFT(MID(TRIM(SUBSTITUTE(AA100,"員工代號:","")),FIND(" ",TRIM(SUBSTITUTE(AA100,"員工代號:","")))+1,255),1)&"*",LEFT(MID(TRIM(SUBSTITUTE(AA100,"員工代號:","")),FIND(" ",TRIM(SUBSTITUTE(AA100,"員工代號:","")))+1,255),1)&REPT("*",LEN(MID(TRIM(SUBSTITUTE(AA100,"員工代號:","")),FIND(" ",TRIM(SUBSTITUTE(AA100,"員工代號:","")))+1,255))-2)&RIGHT(MID(TRIM(SUBSTITUTE(AA100,"員工代號:","")),FIND(" ",TRIM(SUBSTITUTE(AA100,"員工代號:","")))+1,255),1)))) | C100: 46182 | D100: 二 | E100: 09:27 | F100: 早退10:47 | G100: 0.39375 | H100: 0.44930556 | I100: 0.44930556 | J100: 0.055555556 | K100: 0 | L100: 2026-06 | AA100: 員工代號:96638 楊過
A101: 100 | B101: =IF(AA101="","",IF(ISNUMBER(SEARCH("員工代號:",AA101)),"員工代號:","")&LEFT(LEFT(TRIM(SUBSTITUTE(AA101,"員工代號:","")),FIND(" ",TRIM(SUBSTITUTE(AA101,"員工代號:","")))-1),2)&REPT("*",MAX(1,LEN(LEFT(TRIM(SUBSTITUTE(AA101,"員工代號:","")),FIND(" ",TRIM(SUBSTITUTE(AA101,"員工代號:","")))-1))-4))&RIGHT(LEFT(TRIM(SUBSTITUTE(AA101,"員工代號:","")),FIND(" ",TRIM(SUBSTITUTE(AA101,"員工代號:","")))-1),2)&" "&IF(LEN(MID(TRIM(SUBSTITUTE(AA101,"員工代號:","")),FIND(" ",TRIM(SUBSTITUTE(AA101,"員工代號:","")))+1,255))<=1,"*",IF(LEN(MID(TRIM(SUBSTITUTE(AA101,"員工代號:","")),FIND(" ",TRIM(SUBSTITUTE(AA101,"員工代號:","")))+1,255))=2,LEFT(MID(TRIM(SUBSTITUTE(AA101,"員工代號:","")),FIND(" ",TRIM(SUBSTITUTE(AA101,"員工代號:","")))+1,255),1)&"*",LEFT(MID(TRIM(SUBSTITUTE(AA101,"員工代號:","")),FIND(" ",TRIM(SUBSTITUTE(AA101,"員工代號:","")))+1,255),1)&REPT("*",LEN(MID(TRIM(SUBSTITUTE(AA101,"員工代號:","")),FIND(" ",TRIM(SUBSTITUTE(AA101,"員工代號:","")))+1,255))-2)&RIGHT(MID(TRIM(SUBSTITUTE(AA101,"員工代號:","")),FIND(" ",TRIM(SUBSTITUTE(AA101,"員工代號:","")))+1,255),1)))) | C101: 46183 | D101: 三 | E101: 07:27 | F101: 17:04 | G101: 0.31041667 | H101: 0.71111111 | I101: 0.71111111 | J101: 0.40069444 | K101: 1 | L101: 2026-06 | AA101: 員工代號:96638 楊過
A102: 101 | B102: =IF(AA102="","",IF(ISNUMBER(SEARCH("員工代號:",AA102)),"員工代號:","")&LEFT(LEFT(TRIM(SUBSTITUTE(AA102,"員工代號:","")),FIND(" ",TRIM(SUBSTITUTE(AA102,"員工代號:","")))-1),2)&REPT("*",MAX(1,LEN(LEFT(TRIM(SUBSTITUTE(AA102,"員工代號:","")),FIND(" ",TRIM(SUBSTITUTE(AA102,"員工代號:","")))-1))-4))&RIGHT(LEFT(TRIM(SUBSTITUTE(AA102,"員工代號:","")),FIND(" ",TRIM(SUBSTITUTE(AA102,"員工代號:","")))-1),2)&" "&IF(LEN(MID(TRIM(SUBSTITUTE(AA102,"員工代號:","")),FIND(" ",TRIM(SUBSTITUTE(AA102,"員工代號:","")))+1,255))<=1,"*",IF(LEN(MID(TRIM(SUBSTITUTE(AA102,"員工代號:","")),FIND(" ",TRIM(SUBSTITUTE(AA102,"員工代號:","")))+1,255))=2,LEFT(MID(TRIM(SUBSTITUTE(AA102,"員工代號:","")),FIND(" ",TRIM(SUBSTITUTE(AA102,"員工代號:","")))+1,255),1)&"*",LEFT(MID(TRIM(SUBSTITUTE(AA102,"員工代號:","")),FIND(" ",TRIM(SUBSTITUTE(AA102,"員工代號:","")))+1,255),1)&REPT("*",LEN(MID(TRIM(SUBSTITUTE(AA102,"員工代號:","")),FIND(" ",TRIM(SUBSTITUTE(AA102,"員工代號:","")))+1,255))-2)&RIGHT(MID(TRIM(SUBSTITUTE(AA102,"員工代號:","")),FIND(" ",TRIM(SUBSTITUTE(AA102,"員工代號:","")))+1,255),1)))) | C102: 46184 | D102: 四 | E102: 07:21 | F102: 17:02 | G102: 0.30625 | H102: 0.70972222 | I102: 0.70972222 | J102: 0.40347222 | K102: 1 | L102: 2026-06 | AA102: 員工代號:96638 楊過
A103: 102 | B103: =IF(AA103="","",IF(ISNUMBER(SEARCH("員工代號:",AA103)),"員工代號:","")&LEFT(LEFT(TRIM(SUBSTITUTE(AA103,"員工代號:","")),FIND(" ",TRIM(SUBSTITUTE(AA103,"員工代號:","")))-1),2)&REPT("*",MAX(1,LEN(LEFT(TRIM(SUBSTITUTE(AA103,"員工代號:","")),FIND(" ",TRIM(SUBSTITUTE(AA103,"員工代號:","")))-1))-4))&RIGHT(LEFT(TRIM(SUBSTITUTE(AA103,"員工代號:","")),FIND(" ",TRIM(SUBSTITUTE(AA103,"員工代號:","")))-1),2)&" "&IF(LEN(MID(TRIM(SUBSTITUTE(AA103,"員工代號:","")),FIND(" ",TRIM(SUBSTITUTE(AA103,"員工代號:","")))+1,255))<=1,"*",IF(LEN(MID(TRIM(SUBSTITUTE(AA103,"員工代號:","")),FIND(" ",TRIM(SUBSTITUTE(AA103,"員工代號:","")))+1,255))=2,LEFT(MID(TRIM(SUBSTITUTE(AA103,"員工代號:","")),FIND(" ",TRIM(SUBSTITUTE(AA103,"員工代號:","")))+1,255),1)&"*",LEFT(MID(TRIM(SUBSTITUTE(AA103,"員工代號:","")),FIND(" ",TRIM(SUBSTITUTE(AA103,"員工代號:","")))+1,255),1)&REPT("*",LEN(MID(TRIM(SUBSTITUTE(AA103,"員工代號:","")),FIND(" ",TRIM(SUBSTITUTE(AA103,"員工代號:","")))+1,255))-2)&RIGHT(MID(TRIM(SUBSTITUTE(AA103,"員工代號:","")),FIND(" ",TRIM(SUBSTITUTE(AA103,"員工代號:","")))+1,255),1)))) | C103: 46185 | D103: 五 | E103: 07:24 | F103: 特休假14:05 | G103: 0.30833333 | H103: 0.58680556 | I103: 0.58680556 | J103: 0.27847222 | K103: 1 | L103: 2026-06 | AA103: 員工代號:96638 楊過
A104: 103 | B104: =IF(AA104="","",IF(ISNUMBER(SEARCH("員工代號:",AA104)),"員工代號:","")&LEFT(LEFT(TRIM(SUBSTITUTE(AA104,"員工代號:","")),FIND(" ",TRIM(SUBSTITUTE(AA104,"員工代號:","")))-1),2)&REPT("*",MAX(1,LEN(LEFT(TRIM(SUBSTITUTE(AA104,"員工代號:","")),FIND(" ",TRIM(SUBSTITUTE(AA104,"員工代號:","")))-1))-4))&RIGHT(LEFT(TRIM(SUBSTITUTE(AA104,"員工代號:","")),FIND(" ",TRIM(SUBSTITUTE(AA104,"員工代號:","")))-1),2)&" "&IF(LEN(MID(TRIM(SUBSTITUTE(AA104,"員工代號:","")),FIND(" ",TRIM(SUBSTITUTE(AA104,"員工代號:","")))+1,255))<=1,"*",IF(LEN(MID(TRIM(SUBSTITUTE(AA104,"員工代號:","")),FIND(" ",TRIM(SUBSTITUTE(AA104,"員工代號:","")))+1,255))=2,LEFT(MID(TRIM(SUBSTITUTE(AA104,"員工代號:","")),FIND(" ",TRIM(SUBSTITUTE(AA104,"員工代號:","")))+1,255),1)&"*",LEFT(MID(TRIM(SUBSTITUTE(AA104,"員工代號:","")),FIND(" ",TRIM(SUBSTITUTE(AA104,"員工代號:","")))+1,255),1)&REPT("*",LEN(MID(TRIM(SUBSTITUTE(AA104,"員工代號:","")),FIND(" ",TRIM(SUBSTITUTE(AA104,"員工代號:","")))+1,255))-2)&RIGHT(MID(TRIM(SUBSTITUTE(AA104,"員工代號:","")),FIND(" ",TRIM(SUBSTITUTE(AA104,"員工代號:","")))+1,255),1)))) | C104: 46185 | D104: 五 | E104: 10:38 | F104: 11:40 | G104: 0.44305556 | H104: 0.48611111 | I104: 0.48611111 | J104: 0.043055556 | K104: 0 | L104: 2026-06 | AA104: 員工代號:96638 楊過
A105: 104 | B105: =IF(AA105="","",IF(ISNUMBER(SEARCH("員工代號:",AA105)),"員工代號:","")&LEFT(LEFT(TRIM(SUBSTITUTE(AA105,"員工代號:","")),FIND(" ",TRIM(SUBSTITUTE(AA105,"員工代號:","")))-1),2)&REPT("*",MAX(1,LEN(LEFT(TRIM(SUBSTITUTE(AA105,"員工代號:","")),FIND(" ",TRIM(SUBSTITUTE(AA105,"員工代號:","")))-1))-4))&RIGHT(LEFT(TRIM(SUBSTITUTE(AA105,"員工代號:","")),FIND(" ",TRIM(SUBSTITUTE(AA105,"員工代號:","")))-1),2)&" "&IF(LEN(MID(TRIM(SUBSTITUTE(AA105,"員工代號:","")),FIND(" ",TRIM(SUBSTITUTE(AA105,"員工代號:","")))+1,255))<=1,"*",IF(LEN(MID(TRIM(SUBSTITUTE(AA105,"員工代號:","")),FIND(" ",TRIM(SUBSTITUTE(AA105,"員工代號:","")))+1,255))=2,LEFT(MID(TRIM(SUBSTITUTE(AA105,"員工代號:","")),FIND(" ",TRIM(SUBSTITUTE(AA105,"員工代號:","")))+1,255),1)&"*",LEFT(MID(TRIM(SUBSTITUTE(AA105,"員工代號:","")),FIND(" ",TRIM(SUBSTITUTE(AA105,"員工代號:","")))+1,255),1)&REPT("*",LEN(MID(TRIM(SUBSTITUTE(AA105,"員工代號:","")),FIND(" ",TRIM(SUBSTITUTE(AA105,"員工代號:","")))+1,255))-2)&RIGHT(MID(TRIM(SUBSTITUTE(AA105,"員工代號:","")),FIND(" ",TRIM(SUBSTITUTE(AA105,"員工代號:","")))+1,255),1)))) | C105: 46186 | D105: 六 | L105: 2026-06 | AA105: 員工代號:96638 楊過
A106: 105 | B106: =IF(AA106="","",IF(ISNUMBER(SEARCH("員工代號:",AA106)),"員工代號:","")&LEFT(LEFT(TRIM(SUBSTITUTE(AA106,"員工代號:","")),FIND(" ",TRIM(SUBSTITUTE(AA106,"員工代號:","")))-1),2)&REPT("*",MAX(1,LEN(LEFT(TRIM(SUBSTITUTE(AA106,"員工代號:","")),FIND(" ",TRIM(SUBSTITUTE(AA106,"員工代號:","")))-1))-4))&RIGHT(LEFT(TRIM(SUBSTITUTE(AA106,"員工代號:","")),FIND(" ",TRIM(SUBSTITUTE(AA106,"員工代號:","")))-1),2)&" "&IF(LEN(MID(TRIM(SUBSTITUTE(AA106,"員工代號:","")),FIND(" ",TRIM(SUBSTITUTE(AA106,"員工代號:","")))+1,255))<=1,"*",IF(LEN(MID(TRIM(SUBSTITUTE(AA106,"員工代號:","")),FIND(" ",TRIM(SUBSTITUTE(AA106,"員工代號:","")))+1,255))=2,LEFT(MID(TRIM(SUBSTITUTE(AA106,"員工代號:","")),FIND(" ",TRIM(SUBSTITUTE(AA106,"員工代號:","")))+1,255),1)&"*",LEFT(MID(TRIM(SUBSTITUTE(AA106,"員工代號:","")),FIND(" ",TRIM(SUBSTITUTE(AA106,"員工代號:","")))+1,255),1)&REPT("*",LEN(MID(TRIM(SUBSTITUTE(AA106,"員工代號:","")),FIND(" ",TRIM(SUBSTITUTE(AA106,"員工代號:","")))+1,255))-2)&RIGHT(MID(TRIM(SUBSTITUTE(AA106,"員工代號:","")),FIND(" ",TRIM(SUBSTITUTE(AA106,"員工代號:","")))+1,255),1)))) | C106: 46187 | D106: 日 | L106: 2026-06 | AA106: 員工代號:96638 楊過
A107: 106 | B107: =IF(AA107="","",IF(ISNUMBER(SEARCH("員工代號:",AA107)),"員工代號:","")&LEFT(LEFT(TRIM(SUBSTITUTE(AA107,"員工代號:","")),FIND(" ",TRIM(SUBSTITUTE(AA107,"員工代號:","")))-1),2)&REPT("*",MAX(1,LEN(LEFT(TRIM(SUBSTITUTE(AA107,"員工代號:","")),FIND(" ",TRIM(SUBSTITUTE(AA107,"員工代號:","")))-1))-4))&RIGHT(LEFT(TRIM(SUBSTITUTE(AA107,"員工代號:","")),FIND(" ",TRIM(SUBSTITUTE(AA107,"員工代號:","")))-1),2)&" "&IF(LEN(MID(TRIM(SUBSTITUTE(AA107,"員工代號:","")),FIND(" ",TRIM(SUBSTITUTE(AA107,"員工代號:","")))+1,255))<=1,"*",IF(LEN(MID(TRIM(SUBSTITUTE(AA107,"員工代號:","")),FIND(" ",TRIM(SUBSTITUTE(AA107,"員工代號:","")))+1,255))=2,LEFT(MID(TRIM(SUBSTITUTE(AA107,"員工代號:","")),FIND(" ",TRIM(SUBSTITUTE(AA107,"員工代號:","")))+1,255),1)&"*",LEFT(MID(TRIM(SUBSTITUTE(AA107,"員工代號:","")),FIND(" ",TRIM(SUBSTITUTE(AA107,"員工代號:","")))+1,255),1)&REPT("*",LEN(MID(TRIM(SUBSTITUTE(AA107,"員工代號:","")),FIND(" ",TRIM(SUBSTITUTE(AA107,"員工代號:","")))+1,255))-2)&RIGHT(MID(TRIM(SUBSTITUTE(AA107,"員工代號:","")),FIND(" ",TRIM(SUBSTITUTE(AA107,"員工代號:","")))+1,255),1)))) | C107: 46188 | D107: 一 | E107: 07:30 | F107: 17:13 | G107: 0.3125 | H107: 0.71736111 | I107: 0.71736111 | J107: 0.40486111 | K107: 1 | L107: 2026-06 | AA107: 員工代號:96638 楊過
A108: 107 | B108: =IF(AA108="","",IF(ISNUMBER(SEARCH("員工代號:",AA108)),"員工代號:","")&LEFT(LEFT(TRIM(SUBSTITUTE(AA108,"員工代號:","")),FIND(" ",TRIM(SUBSTITUTE(AA108,"員工代號:","")))-1),2)&REPT("*",MAX(1,LEN(LEFT(TRIM(SUBSTITUTE(AA108,"員工代號:","")),FIND(" ",TRIM(SUBSTITUTE(AA108,"員工代號:","")))-1))-4))&RIGHT(LEFT(TRIM(SUBSTITUTE(AA108,"員工代號:","")),FIND(" ",TRIM(SUBSTITUTE(AA108,"員工代號:","")))-1),2)&" "&IF(LEN(MID(TRIM(SUBSTITUTE(AA108,"員工代號:","")),FIND(" ",TRIM(SUBSTITUTE(AA108,"員工代號:","")))+1,255))<=1,"*",IF(LEN(MID(TRIM(SUBSTITUTE(AA108,"員工代號:","")),FIND(" ",TRIM(SUBSTITUTE(AA108,"員工代號:","")))+1,255))=2,LEFT(MID(TRIM(SUBSTITUTE(AA108,"員工代號:","")),FIND(" ",TRIM(SUBSTITUTE(AA108,"員工代號:","")))+1,255),1)&"*",LEFT(MID(TRIM(SUBSTITUTE(AA108,"員工代號:","")),FIND(" ",TRIM(SUBSTITUTE(AA108,"員工代號:","")))+1,255),1)&REPT("*",LEN(MID(TRIM(SUBSTITUTE(AA108,"員工代號:","")),FIND(" ",TRIM(SUBSTITUTE(AA108,"員工代號:","")))+1,255))-2)&RIGHT(MID(TRIM(SUBSTITUTE(AA108,"員工代號:","")),FIND(" ",TRIM(SUBSTITUTE(AA108,"員工代號:","")))+1,255),1)))) | C108: 46189 | D108: 二 | E108: 07:27 | F108: 17:04 | G108: 0.31041667 | H108: 0.71111111 | I108: 0.71111111 | J108: 0.40069444 | K108: 1 | L108: 2026-06 | AA108: 員工代號:96638 楊過
A109: 108 | B109: =IF(AA109="","",IF(ISNUMBER(SEARCH("員工代號:",AA109)),"員工代號:","")&LEFT(LEFT(TRIM(SUBSTITUTE(AA109,"員工代號:","")),FIND(" ",TRIM(SUBSTITUTE(AA109,"員工代號:","")))-1),2)&REPT("*",MAX(1,LEN(LEFT(TRIM(SUBSTITUTE(AA109,"員工代號:","")),FIND(" ",TRIM(SUBSTITUTE(AA109,"員工代號:","")))-1))-4))&RIGHT(LEFT(TRIM(SUBSTITUTE(AA109,"員工代號:","")),FIND(" ",TRIM(SUBSTITUTE(AA109,"員工代號:","")))-1),2)&" "&IF(LEN(MID(TRIM(SUBSTITUTE(AA109,"員工代號:","")),FIND(" ",TRIM(SUBSTITUTE(AA109,"員工代號:","")))+1,255))<=1,"*",IF(LEN(MID(TRIM(SUBSTITUTE(AA109,"員工代號:","")),FIND(" ",TRIM(SUBSTITUTE(AA109,"員工代號:","")))+1,255))=2,LEFT(MID(TRIM(SUBSTITUTE(AA109,"員工代號:","")),FIND(" ",TRIM(SUBSTITUTE(AA109,"員工代號:","")))+1,255),1)&"*",LEFT(MID(TRIM(SUBSTITUTE(AA109,"員工代號:","")),FIND(" ",TRIM(SUBSTITUTE(AA109,"員工代號:","")))+1,255),1)&REPT("*",LEN(MID(TRIM(SUBSTITUTE(AA109,"員工代號:","")),FIND(" ",TRIM(SUBSTITUTE(AA109,"員工代號:","")))+1,255))-2)&RIGHT(MID(TRIM(SUBSTITUTE(AA109,"員工代號:","")),FIND(" ",TRIM(SUBSTITUTE(AA109,"員工代號:","")))+1,255),1)))) | C109: 46190 | D109: 三 | E109: 07:27 | F109: 17:03 | G109: 0.31041667 | H109: 0.71041667 | I109: 0.71041667 | J109: 0.4 | K109: 1 | L109: 2026-06 | AA109: 員工代號:96638 楊過
A110: 109 | B110: =IF(AA110="","",IF(ISNUMBER(SEARCH("員工代號:",AA110)),"員工代號:","")&LEFT(LEFT(TRIM(SUBSTITUTE(AA110,"員工代號:","")),FIND(" ",TRIM(SUBSTITUTE(AA110,"員工代號:","")))-1),2)&REPT("*",MAX(1,LEN(LEFT(TRIM(SUBSTITUTE(AA110,"員工代號:","")),FIND(" ",TRIM(SUBSTITUTE(AA110,"員工代號:","")))-1))-4))&RIGHT(LEFT(TRIM(SUBSTITUTE(AA110,"員工代號:","")),FIND(" ",TRIM(SUBSTITUTE(AA110,"員工代號:","")))-1),2)&" "&IF(LEN(MID(TRIM(SUBSTITUTE(AA110,"員工代號:","")),FIND(" ",TRIM(SUBSTITUTE(AA110,"員工代號:","")))+1,255))<=1,"*",IF(LEN(MID(TRIM(SUBSTITUTE(AA110,"員工代號:","")),FIND(" ",TRIM(SUBSTITUTE(AA110,"員工代號:","")))+1,255))=2,LEFT(MID(TRIM(SUBSTITUTE(AA110,"員工代號:","")),FIND(" ",TRIM(SUBSTITUTE(AA110,"員工代號:","")))+1,255),1)&"*",LEFT(MID(TRIM(SUBSTITUTE(AA110,"員工代號:","")),FIND(" ",TRIM(SUBSTITUTE(AA110,"員工代號:","")))+1,255),1)&REPT("*",LEN(MID(TRIM(SUBSTITUTE(AA110,"員工代號:","")),FIND(" ",TRIM(SUBSTITUTE(AA110,"員工代號:","")))+1,255))-2)&RIGHT(MID(TRIM(SUBSTITUTE(AA110,"員工代號:","")),FIND(" ",TRIM(SUBSTITUTE(AA110,"員工代號:","")))+1,255),1)))) | C110: 46191 | D110: 四 | E110: 07:19 | F110: 17:03 | G110: 0.30486111 | H110: 0.71041667 | I110: 0.71041667 | J110: 0.40555556 | K110: 1 | L110: 2026-06 | AA110: 員工代號:96638 楊過
A111: 110 | B111: =IF(AA111="","",IF(ISNUMBER(SEARCH("員工代號:",AA111)),"員工代號:","")&LEFT(LEFT(TRIM(SUBSTITUTE(AA111,"員工代號:","")),FIND(" ",TRIM(SUBSTITUTE(AA111,"員工代號:","")))-1),2)&REPT("*",MAX(1,LEN(LEFT(TRIM(SUBSTITUTE(AA111,"員工代號:","")),FIND(" ",TRIM(SUBSTITUTE(AA111,"員工代號:","")))-1))-4))&RIGHT(LEFT(TRIM(SUBSTITUTE(AA111,"員工代號:","")),FIND(" ",TRIM(SUBSTITUTE(AA111,"員工代號:","")))-1),2)&" "&IF(LEN(MID(TRIM(SUBSTITUTE(AA111,"員工代號:","")),FIND(" ",TRIM(SUBSTITUTE(AA111,"員工代號:","")))+1,255))<=1,"*",IF(LEN(MID(TRIM(SUBSTITUTE(AA111,"員工代號:","")),FIND(" ",TRIM(SUBSTITUTE(AA111,"員工代號:","")))+1,255))=2,LEFT(MID(TRIM(SUBSTITUTE(AA111,"員工代號:","")),FIND(" ",TRIM(SUBSTITUTE(AA111,"員工代號:","")))+1,255),1)&"*",LEFT(MID(TRIM(SUBSTITUTE(AA111,"員工代號:","")),FIND(" ",TRIM(SUBSTITUTE(AA111,"員工代號:","")))+1,255),1)&REPT("*",LEN(MID(TRIM(SUBSTITUTE(AA111,"員工代號:","")),FIND(" ",TRIM(SUBSTITUTE(AA111,"員工代號:","")))+1,255))-2)&RIGHT(MID(TRIM(SUBSTITUTE(AA111,"員工代號:","")),FIND(" ",TRIM(SUBSTITUTE(AA111,"員工代號:","")))+1,255),1)))) | C111: 46192 | D111: 五 | L111: 2026-06 | AA111: 員工代號:96638 楊過
A112: 111 | B112: =IF(AA112="","",IF(ISNUMBER(SEARCH("員工代號:",AA112)),"員工代號:","")&LEFT(LEFT(TRIM(SUBSTITUTE(AA112,"員工代號:","")),FIND(" ",TRIM(SUBSTITUTE(AA112,"員工代號:","")))-1),2)&REPT("*",MAX(1,LEN(LEFT(TRIM(SUBSTITUTE(AA112,"員工代號:","")),FIND(" ",TRIM(SUBSTITUTE(AA112,"員工代號:","")))-1))-4))&RIGHT(LEFT(TRIM(SUBSTITUTE(AA112,"員工代號:","")),FIND(" ",TRIM(SUBSTITUTE(AA112,"員工代號:","")))-1),2)&" "&IF(LEN(MID(TRIM(SUBSTITUTE(AA112,"員工代號:","")),FIND(" ",TRIM(SUBSTITUTE(AA112,"員工代號:","")))+1,255))<=1,"*",IF(LEN(MID(TRIM(SUBSTITUTE(AA112,"員工代號:","")),FIND(" ",TRIM(SUBSTITUTE(AA112,"員工代號:","")))+1,255))=2,LEFT(MID(TRIM(SUBSTITUTE(AA112,"員工代號:","")),FIND(" ",TRIM(SUBSTITUTE(AA112,"員工代號:","")))+1,255),1)&"*",LEFT(MID(TRIM(SUBSTITUTE(AA112,"員工代號:","")),FIND(" ",TRIM(SUBSTITUTE(AA112,"員工代號:","")))+1,255),1)&REPT("*",LEN(MID(TRIM(SUBSTITUTE(AA112,"員工代號:","")),FIND(" ",TRIM(SUBSTITUTE(AA112,"員工代號:","")))+1,255))-2)&RIGHT(MID(TRIM(SUBSTITUTE(AA112,"員工代號:","")),FIND(" ",TRIM(SUBSTITUTE(AA112,"員工代號:","")))+1,255),1)))) | C112: 46193 | D112: 六 | L112: 2026-06 | AA112: 員工代號:96638 楊過
A113: 112 | B113: =IF(AA113="","",IF(ISNUMBER(SEARCH("員工代號:",AA113)),"員工代號:","")&LEFT(LEFT(TRIM(SUBSTITUTE(AA113,"員工代號:","")),FIND(" ",TRIM(SUBSTITUTE(AA113,"員工代號:","")))-1),2)&REPT("*",MAX(1,LEN(LEFT(TRIM(SUBSTITUTE(AA113,"員工代號:","")),FIND(" ",TRIM(SUBSTITUTE(AA113,"員工代號:","")))-1))-4))&RIGHT(LEFT(TRIM(SUBSTITUTE(AA113,"員工代號:","")),FIND(" ",TRIM(SUBSTITUTE(AA113,"員工代號:","")))-1),2)&" "&IF(LEN(MID(TRIM(SUBSTITUTE(AA113,"員工代號:","")),FIND(" ",TRIM(SUBSTITUTE(AA113,"員工代號:","")))+1,255))<=1,"*",IF(LEN(MID(TRIM(SUBSTITUTE(AA113,"員工代號:","")),FIND(" ",TRIM(SUBSTITUTE(AA113,"員工代號:","")))+1,255))=2,LEFT(MID(TRIM(SUBSTITUTE(AA113,"員工代號:","")),FIND(" ",TRIM(SUBSTITUTE(AA113,"員工代號:","")))+1,255),1)&"*",LEFT(MID(TRIM(SUBSTITUTE(AA113,"員工代號:","")),FIND(" ",TRIM(SUBSTITUTE(AA113,"員工代號:","")))+1,255),1)&REPT("*",LEN(MID(TRIM(SUBSTITUTE(AA113,"員工代號:","")),FIND(" ",TRIM(SUBSTITUTE(AA113,"員工代號:","")))+1,255))-2)&RIGHT(MID(TRIM(SUBSTITUTE(AA113,"員工代號:","")),FIND(" ",TRIM(SUBSTITUTE(AA113,"員工代號:","")))+1,255),1)))) | C113: 46194 | D113: 日 | L113: 2026-06 | AA113: 員工代號:96638 楊過
A114: 113 | B114: =IF(AA114="","",IF(ISNUMBER(SEARCH("員工代號:",AA114)),"員工代號:","")&LEFT(LEFT(TRIM(SUBSTITUTE(AA114,"員工代號:","")),FIND(" ",TRIM(SUBSTITUTE(AA114,"員工代號:","")))-1),2)&REPT("*",MAX(1,LEN(LEFT(TRIM(SUBSTITUTE(AA114,"員工代號:","")),FIND(" ",TRIM(SUBSTITUTE(AA114,"員工代號:","")))-1))-4))&RIGHT(LEFT(TRIM(SUBSTITUTE(AA114,"員工代號:","")),FIND(" ",TRIM(SUBSTITUTE(AA114,"員工代號:","")))-1),2)&" "&IF(LEN(MID(TRIM(SUBSTITUTE(AA114,"員工代號:","")),FIND(" ",TRIM(SUBSTITUTE(AA114,"員工代號:","")))+1,255))<=1,"*",IF(LEN(MID(TRIM(SUBSTITUTE(AA114,"員工代號:","")),FIND(" ",TRIM(SUBSTITUTE(AA114,"員工代號:","")))+1,255))=2,LEFT(MID(TRIM(SUBSTITUTE(AA114,"員工代號:","")),FIND(" ",TRIM(SUBSTITUTE(AA114,"員工代號:","")))+1,255),1)&"*",LEFT(MID(TRIM(SUBSTITUTE(AA114,"員工代號:","")),FIND(" ",TRIM(SUBSTITUTE(AA114,"員工代號:","")))+1,255),1)&REPT("*",LEN(MID(TRIM(SUBSTITUTE(AA114,"員工代號:","")),FIND(" ",TRIM(SUBSTITUTE(AA114,"員工代號:","")))+1,255))-2)&RIGHT(MID(TRIM(SUBSTITUTE(AA114,"員工代號:","")),FIND(" ",TRIM(SUBSTITUTE(AA114,"員工代號:","")))+1,255),1)))) | C114: 46195 | D114: 一 | E114: 07:22 | F114: 17:28 | G114: 0.30694444 | H114: 0.72777778 | I114: 0.72777778 | J114: 0.42083333 | K114: 1 | L114: 2026-06 | AA114: 員工代號:96638 楊過
A115: 114 | B115: =IF(AA115="","",IF(ISNUMBER(SEARCH("員工代號:",AA115)),"員工代號:","")&LEFT(LEFT(TRIM(SUBSTITUTE(AA115,"員工代號:","")),FIND(" ",TRIM(SUBSTITUTE(AA115,"員工代號:","")))-1),2)&REPT("*",MAX(1,LEN(LEFT(TRIM(SUBSTITUTE(AA115,"員工代號:","")),FIND(" ",TRIM(SUBSTITUTE(AA115,"員工代號:","")))-1))-4))&RIGHT(LEFT(TRIM(SUBSTITUTE(AA115,"員工代號:","")),FIND(" ",TRIM(SUBSTITUTE(AA115,"員工代號:","")))-1),2)&" "&IF(LEN(MID(TRIM(SUBSTITUTE(AA115,"員工代號:","")),FIND(" ",TRIM(SUBSTITUTE(AA115,"員工代號:","")))+1,255))<=1,"*",IF(LEN(MID(TRIM(SUBSTITUTE(AA115,"員工代號:","")),FIND(" ",TRIM(SUBSTITUTE(AA115,"員工代號:","")))+1,255))=2,LEFT(MID(TRIM(SUBSTITUTE(AA115,"員工代號:","")),FIND(" ",TRIM(SUBSTITUTE(AA115,"員工代號:","")))+1,255),1)&"*",LEFT(MID(TRIM(SUBSTITUTE(AA115,"員工代號:","")),FIND(" ",TRIM(SUBSTITUTE(AA115,"員工代號:","")))+1,255),1)&REPT("*",LEN(MID(TRIM(SUBSTITUTE(AA115,"員工代號:","")),FIND(" ",TRIM(SUBSTITUTE(AA115,"員工代號:","")))+1,255))-2)&RIGHT(MID(TRIM(SUBSTITUTE(AA115,"員工代號:","")),FIND(" ",TRIM(SUBSTITUTE(AA115,"員工代號:","")))+1,255),1)))) | C115: 46196 | D115: 二 | E115: 07:25 | F115: 17:02 | G115: 0.30902778 | H115: 0.70972222 | I115: 0.70972222 | J115: 0.40069444 | K115: 1 | L115: 2026-06 | AA115: 員工代號:96638 楊過
A116: 115 | B116: =IF(AA116="","",IF(ISNUMBER(SEARCH("員工代號:",AA116)),"員工代號:","")&LEFT(LEFT(TRIM(SUBSTITUTE(AA116,"員工代號:","")),FIND(" ",TRIM(SUBSTITUTE(AA116,"員工代號:","")))-1),2)&REPT("*",MAX(1,LEN(LEFT(TRIM(SUBSTITUTE(AA116,"員工代號:","")),FIND(" ",TRIM(SUBSTITUTE(AA116,"員工代號:","")))-1))-4))&RIGHT(LEFT(TRIM(SUBSTITUTE(AA116,"員工代號:","")),FIND(" ",TRIM(SUBSTITUTE(AA116,"員工代號:","")))-1),2)&" "&IF(LEN(MID(TRIM(SUBSTITUTE(AA116,"員工代號:","")),FIND(" ",TRIM(SUBSTITUTE(AA116,"員工代號:","")))+1,255))<=1,"*",IF(LEN(MID(TRIM(SUBSTITUTE(AA116,"員工代號:","")),FIND(" ",TRIM(SUBSTITUTE(AA116,"員工代號:","")))+1,255))=2,LEFT(MID(TRIM(SUBSTITUTE(AA116,"員工代號:","")),FIND(" ",TRIM(SUBSTITUTE(AA116,"員工代號:","")))+1,255),1)&"*",LEFT(MID(TRIM(SUBSTITUTE(AA116,"員工代號:","")),FIND(" ",TRIM(SUBSTITUTE(AA116,"員工代號:","")))+1,255),1)&REPT("*",LEN(MID(TRIM(SUBSTITUTE(AA116,"員工代號:","")),FIND(" ",TRIM(SUBSTITUTE(AA116,"員工代號:","")))+1,255))-2)&RIGHT(MID(TRIM(SUBSTITUTE(AA116,"員工代號:","")),FIND(" ",TRIM(SUBSTITUTE(AA116,"員工代號:","")))+1,255),1)))) | C116: 46197 | D116: 三 | E116: 07:24 | F116: 17:03 | G116: 0.30833333 | H116: 0.71041667 | I116: 0.71041667 | J116: 0.40208333 | K116: 1 | L116: 2026-06 | AA116: 員工代號:96638 楊過
A117: 116 | B117: =IF(AA117="","",IF(ISNUMBER(SEARCH("員工代號:",AA117)),"員工代號:","")&LEFT(LEFT(TRIM(SUBSTITUTE(AA117,"員工代號:","")),FIND(" ",TRIM(SUBSTITUTE(AA117,"員工代號:","")))-1),2)&REPT("*",MAX(1,LEN(LEFT(TRIM(SUBSTITUTE(AA117,"員工代號:","")),FIND(" ",TRIM(SUBSTITUTE(AA117,"員工代號:","")))-1))-4))&RIGHT(LEFT(TRIM(SUBSTITUTE(AA117,"員工代號:","")),FIND(" ",TRIM(SUBSTITUTE(AA117,"員工代號:","")))-1),2)&" "&IF(LEN(MID(TRIM(SUBSTITUTE(AA117,"員工代號:","")),FIND(" ",TRIM(SUBSTITUTE(AA117,"員工代號:","")))+1,255))<=1,"*",IF(LEN(MID(TRIM(SUBSTITUTE(AA117,"員工代號:","")),FIND(" ",TRIM(SUBSTITUTE(AA117,"員工代號:","")))+1,255))=2,LEFT(MID(TRIM(SUBSTITUTE(AA117,"員工代號:","")),FIND(" ",TRIM(SUBSTITUTE(AA117,"員工代號:","")))+1,255),1)&"*",LEFT(MID(TRIM(SUBSTITUTE(AA117,"員工代號:","")),FIND(" ",TRIM(SUBSTITUTE(AA117,"員工代號:","")))+1,255),1)&REPT("*",LEN(MID(TRIM(SUBSTITUTE(AA117,"員工代號:","")),FIND(" ",TRIM(SUBSTITUTE(AA117,"員工代號:","")))+1,255))-2)&RIGHT(MID(TRIM(SUBSTITUTE(AA117,"員工代號:","")),FIND(" ",TRIM(SUBSTITUTE(AA117,"員工代號:","")))+1,255),1)))) | C117: 46198 | D117: 四 | E117: 07:22 | F117: 17:02 | G117: 0.30694444 | H117: 0.70972222 | I117: 0.70972222 | J117: 0.40277778 | K117: 1 | L117: 2026-06 | AA117: 員工代號:96638 楊過
A118: 117 | B118: =IF(AA118="","",IF(ISNUMBER(SEARCH("員工代號:",AA118)),"員工代號:","")&LEFT(LEFT(TRIM(SUBSTITUTE(AA118,"員工代號:","")),FIND(" ",TRIM(SUBSTITUTE(AA118,"員工代號:","")))-1),2)&REPT("*",MAX(1,LEN(LEFT(TRIM(SUBSTITUTE(AA118,"員工代號:","")),FIND(" ",TRIM(SUBSTITUTE(AA118,"員工代號:","")))-1))-4))&RIGHT(LEFT(TRIM(SUBSTITUTE(AA118,"員工代號:","")),FIND(" ",TRIM(SUBSTITUTE(AA118,"員工代號:","")))-1),2)&" "&IF(LEN(MID(TRIM(SUBSTITUTE(AA118,"員工代號:","")),FIND(" ",TRIM(SUBSTITUTE(AA118,"員工代號:","")))+1,255))<=1,"*",IF(LEN(MID(TRIM(SUBSTITUTE(AA118,"員工代號:","")),FIND(" ",TRIM(SUBSTITUTE(AA118,"員工代號:","")))+1,255))=2,LEFT(MID(TRIM(SUBSTITUTE(AA118,"員工代號:","")),FIND(" ",TRIM(SUBSTITUTE(AA118,"員工代號:","")))+1,255),1)&"*",LEFT(MID(TRIM(SUBSTITUTE(AA118,"員工代號:","")),FIND(" ",TRIM(SUBSTITUTE(AA118,"員工代號:","")))+1,255),1)&REPT("*",LEN(MID(TRIM(SUBSTITUTE(AA118,"員工代號:","")),FIND(" ",TRIM(SUBSTITUTE(AA118,"員工代號:","")))+1,255))-2)&RIGHT(MID(TRIM(SUBSTITUTE(AA118,"員工代號:","")),FIND(" ",TRIM(SUBSTITUTE(AA118,"員工代號:","")))+1,255),1)))) | C118: 46199 | D118: 五 | E118: 07:26 | F118: 17:02 | G118: 0.30972222 | H118: 0.70972222 | I118: 0.70972222 | J118: 0.4 | K118: 1 | L118: 2026-06 | AA118: 員工代號:96638 楊過
A119: 118 | B119: =IF(AA119="","",IF(ISNUMBER(SEARCH("員工代號:",AA119)),"員工代號:","")&LEFT(LEFT(TRIM(SUBSTITUTE(AA119,"員工代號:","")),FIND(" ",TRIM(SUBSTITUTE(AA119,"員工代號:","")))-1),2)&REPT("*",MAX(1,LEN(LEFT(TRIM(SUBSTITUTE(AA119,"員工代號:","")),FIND(" ",TRIM(SUBSTITUTE(AA119,"員工代號:","")))-1))-4))&RIGHT(LEFT(TRIM(SUBSTITUTE(AA119,"員工代號:","")),FIND(" ",TRIM(SUBSTITUTE(AA119,"員工代號:","")))-1),2)&" "&IF(LEN(MID(TRIM(SUBSTITUTE(AA119,"員工代號:","")),FIND(" ",TRIM(SUBSTITUTE(AA119,"員工代號:","")))+1,255))<=1,"*",IF(LEN(MID(TRIM(SUBSTITUTE(AA119,"員工代號:","")),FIND(" ",TRIM(SUBSTITUTE(AA119,"員工代號:","")))+1,255))=2,LEFT(MID(TRIM(SUBSTITUTE(AA119,"員工代號:","")),FIND(" ",TRIM(SUBSTITUTE(AA119,"員工代號:","")))+1,255),1)&"*",LEFT(MID(TRIM(SUBSTITUTE(AA119,"員工代號:","")),FIND(" ",TRIM(SUBSTITUTE(AA119,"員工代號:","")))+1,255),1)&REPT("*",LEN(MID(TRIM(SUBSTITUTE(AA119,"員工代號:","")),FIND(" ",TRIM(SUBSTITUTE(AA119,"員工代號:","")))+1,255))-2)&RIGHT(MID(TRIM(SUBSTITUTE(AA119,"員工代號:","")),FIND(" ",TRIM(SUBSTITUTE(AA119,"員工代號:","")))+1,255),1)))) | C119: 46200 | D119: 六 | L119: 2026-06 | AA119: 員工代號:96638 楊過
A120: 119 | B120: =IF(AA120="","",IF(ISNUMBER(SEARCH("員工代號:",AA120)),"員工代號:","")&LEFT(LEFT(TRIM(SUBSTITUTE(AA120,"員工代號:","")),FIND(" ",TRIM(SUBSTITUTE(AA120,"員工代號:","")))-1),2)&REPT("*",MAX(1,LEN(LEFT(TRIM(SUBSTITUTE(AA120,"員工代號:","")),FIND(" ",TRIM(SUBSTITUTE(AA120,"員工代號:","")))-1))-4))&RIGHT(LEFT(TRIM(SUBSTITUTE(AA120,"員工代號:","")),FIND(" ",TRIM(SUBSTITUTE(AA120,"員工代號:","")))-1),2)&" "&IF(LEN(MID(TRIM(SUBSTITUTE(AA120,"員工代號:","")),FIND(" ",TRIM(SUBSTITUTE(AA120,"員工代號:","")))+1,255))<=1,"*",IF(LEN(MID(TRIM(SUBSTITUTE(AA120,"員工代號:","")),FIND(" ",TRIM(SUBSTITUTE(AA120,"員工代號:","")))+1,255))=2,LEFT(MID(TRIM(SUBSTITUTE(AA120,"員工代號:","")),FIND(" ",TRIM(SUBSTITUTE(AA120,"員工代號:","")))+1,255),1)&"*",LEFT(MID(TRIM(SUBSTITUTE(AA120,"員工代號:","")),FIND(" ",TRIM(SUBSTITUTE(AA120,"員工代號:","")))+1,255),1)&REPT("*",LEN(MID(TRIM(SUBSTITUTE(AA120,"員工代號:","")),FIND(" ",TRIM(SUBSTITUTE(AA120,"員工代號:","")))+1,255))-2)&RIGHT(MID(TRIM(SUBSTITUTE(AA120,"員工代號:","")),FIND(" ",TRIM(SUBSTITUTE(AA120,"員工代號:","")))+1,255),1)))) | C120: 46201 | D120: 日 | L120: 2026-06 | AA120: 員工代號:96638 楊過
A121: 120 | B121: =IF(AA121="","",IF(ISNUMBER(SEARCH("員工代號:",AA121)),"員工代號:","")&LEFT(LEFT(TRIM(SUBSTITUTE(AA121,"員工代號:","")),FIND(" ",TRIM(SUBSTITUTE(AA121,"員工代號:","")))-1),2)&REPT("*",MAX(1,LEN(LEFT(TRIM(SUBSTITUTE(AA121,"員工代號:","")),FIND(" ",TRIM(SUBSTITUTE(AA121,"員工代號:","")))-1))-4))&RIGHT(LEFT(TRIM(SUBSTITUTE(AA121,"員工代號:","")),FIND(" ",TRIM(SUBSTITUTE(AA121,"員工代號:","")))-1),2)&" "&IF(LEN(MID(TRIM(SUBSTITUTE(AA121,"員工代號:","")),FIND(" ",TRIM(SUBSTITUTE(AA121,"員工代號:","")))+1,255))<=1,"*",IF(LEN(MID(TRIM(SUBSTITUTE(AA121,"員工代號:","")),FIND(" ",TRIM(SUBSTITUTE(AA121,"員工代號:","")))+1,255))=2,LEFT(MID(TRIM(SUBSTITUTE(AA121,"員工代號:","")),FIND(" ",TRIM(SUBSTITUTE(AA121,"員工代號:","")))+1,255),1)&"*",LEFT(MID(TRIM(SUBSTITUTE(AA121,"員工代號:","")),FIND(" ",TRIM(SUBSTITUTE(AA121,"員工代號:","")))+1,255),1)&REPT("*",LEN(MID(TRIM(SUBSTITUTE(AA121,"員工代號:","")),FIND(" ",TRIM(SUBSTITUTE(AA121,"員工代號:","")))+1,255))-2)&RIGHT(MID(TRIM(SUBSTITUTE(AA121,"員工代號:","")),FIND(" ",TRIM(SUBSTITUTE(AA121,"員工代號:","")))+1,255),1)))) | C121: 46202 | D121: 一 | E121: 07:23 | F121: 17:02 | G121: 0.30763889 | H121: 0.70972222 | I121: 0.70972222 | J121: 0.40208333 | K121: 1 | L121: 2026-06 | AA121: 員工代號:96638 楊過
A122: 121 | B122: =IF(AA122="","",IF(ISNUMBER(SEARCH("員工代號:",AA122)),"員工代號:","")&LEFT(LEFT(TRIM(SUBSTITUTE(AA122,"員工代號:","")),FIND(" ",TRIM(SUBSTITUTE(AA122,"員工代號:","")))-1),2)&REPT("*",MAX(1,LEN(LEFT(TRIM(SUBSTITUTE(AA122,"員工代號:","")),FIND(" ",TRIM(SUBSTITUTE(AA122,"員工代號:","")))-1))-4))&RIGHT(LEFT(TRIM(SUBSTITUTE(AA122,"員工代號:","")),FIND(" ",TRIM(SUBSTITUTE(AA122,"員工代號:","")))-1),2)&" "&IF(LEN(MID(TRIM(SUBSTITUTE(AA122,"員工代號:","")),FIND(" ",TRIM(SUBSTITUTE(AA122,"員工代號:","")))+1,255))<=1,"*",IF(LEN(MID(TRIM(SUBSTITUTE(AA122,"員工代號:","")),FIND(" ",TRIM(SUBSTITUTE(AA122,"員工代號:","")))+1,255))=2,LEFT(MID(TRIM(SUBSTITUTE(AA122,"員工代號:","")),FIND(" ",TRIM(SUBSTITUTE(AA122,"員工代號:","")))+1,255),1)&"*",LEFT(MID(TRIM(SUBSTITUTE(AA122,"員工代號:","")),FIND(" ",TRIM(SUBSTITUTE(AA122,"員工代號:","")))+1,255),1)&REPT("*",LEN(MID(TRIM(SUBSTITUTE(AA122,"員工代號:","")),FIND(" ",TRIM(SUBSTITUTE(AA122,"員工代號:","")))+1,255))-2)&RIGHT(MID(TRIM(SUBSTITUTE(AA122,"員工代號:","")),FIND(" ",TRIM(SUBSTITUTE(AA122,"員工代號:","")))+1,255),1)))) | C122: 46203 | D122: 二 | E122: 07:22 | F122: 17:02 | G122: 0.30694444 | H122: 0.70972222 | I122: 0.70972222 | J122: 0.40277778 | K122: 1 | L122: 2026-06 | AA122: 員工代號:96638 楊過
A133: 132 | B133: =IF(AA133="","",IF(ISNUMBER(SEARCH("員工代號:",AA133)),"員工代號:","")&LEFT(LEFT(TRIM(SUBSTITUTE(AA133,"員工代號:","")),FIND(" ",TRIM(SUBSTITUTE(AA133,"員工代號:","")))-1),2)&REPT("*",MAX(1,LEN(LEFT(TRIM(SUBSTITUTE(AA133,"員工代號:","")),FIND(" ",TRIM(SUBSTITUTE(AA133,"員工代號:","")))-1))-4))&RIGHT(LEFT(TRIM(SUBSTITUTE(AA133,"員工代號:","")),FIND(" ",TRIM(SUBSTITUTE(AA133,"員工代號:","")))-1),2)&" "&IF(LEN(MID(TRIM(SUBSTITUTE(AA133,"員工代號:","")),FIND(" ",TRIM(SUBSTITUTE(AA133,"員工代號:","")))+1,255))<=1,"*",IF(LEN(MID(TRIM(SUBSTITUTE(AA133,"員工代號:","")),FIND(" ",TRIM(SUBSTITUTE(AA133,"員工代號:","")))+1,255))=2,LEFT(MID(TRIM(SUBSTITUTE(AA133,"員工代號:","")),FIND(" ",TRIM(SUBSTITUTE(AA133,"員工代號:","")))+1,255),1)&"*",LEFT(MID(TRIM(SUBSTITUTE(AA133,"員工代號:","")),FIND(" ",TRIM(SUBSTITUTE(AA133,"員工代號:","")))+1,255),1)&REPT("*",LEN(MID(TRIM(SUBSTITUTE(AA133,"員工代號:","")),FIND(" ",TRIM(SUBSTITUTE(AA133,"員工代號:","")))+1,255))-2)&RIGHT(MID(TRIM(SUBSTITUTE(AA133,"員工代號:","")),FIND(" ",TRIM(SUBSTITUTE(AA133,"員工代號:","")))+1,255),1)))) | C133: 46174 | D133: 一 | E133: 07:33 | F133: 17:05 | G133: 0.31458333 | H133: 0.71180556 | I133: 0.71180556 | J133: 0.39722222 | K133: 1 | L133: 2026-06 | AA133: 員工代號:87942 小龍女
A134: 133 | B134: =IF(AA134="","",IF(ISNUMBER(SEARCH("員工代號:",AA134)),"員工代號:","")&LEFT(LEFT(TRIM(SUBSTITUTE(AA134,"員工代號:","")),FIND(" ",TRIM(SUBSTITUTE(AA134,"員工代號:","")))-1),2)&REPT("*",MAX(1,LEN(LEFT(TRIM(SUBSTITUTE(AA134,"員工代號:","")),FIND(" ",TRIM(SUBSTITUTE(AA134,"員工代號:","")))-1))-4))&RIGHT(LEFT(TRIM(SUBSTITUTE(AA134,"員工代號:","")),FIND(" ",TRIM(SUBSTITUTE(AA134,"員工代號:","")))-1),2)&" "&IF(LEN(MID(TRIM(SUBSTITUTE(AA134,"員工代號:","")),FIND(" ",TRIM(SUBSTITUTE(AA134,"員工代號:","")))+1,255))<=1,"*",IF(LEN(MID(TRIM(SUBSTITUTE(AA134,"員工代號:","")),FIND(" ",TRIM(SUBSTITUTE(AA134,"員工代號:","")))+1,255))=2,LEFT(MID(TRIM(SUBSTITUTE(AA134,"員工代號:","")),FIND(" ",TRIM(SUBSTITUTE(AA134,"員工代號:","")))+1,255),1)&"*",LEFT(MID(TRIM(SUBSTITUTE(AA134,"員工代號:","")),FIND(" ",TRIM(SUBSTITUTE(AA134,"員工代號:","")))+1,255),1)&REPT("*",LEN(MID(TRIM(SUBSTITUTE(AA134,"員工代號:","")),FIND(" ",TRIM(SUBSTITUTE(AA134,"員工代號:","")))+1,255))-2)&RIGHT(MID(TRIM(SUBSTITUTE(AA134,"員工代號:","")),FIND(" ",TRIM(SUBSTITUTE(AA134,"員工代號:","")))+1,255),1)))) | C134: 46175 | D134: 二 | E134: 07:31 | F134: 17:08 | G134: 0.31319444 | H134: 0.71388889 | I134: 0.71388889 | J134: 0.40069444 | K134: 1 | L134: 2026-06 | AA134: 員工代號:87942 小龍女
A135: 134 | B135: =IF(AA135="","",IF(ISNUMBER(SEARCH("員工代號:",AA135)),"員工代號:","")&LEFT(LEFT(TRIM(SUBSTITUTE(AA135,"員工代號:","")),FIND(" ",TRIM(SUBSTITUTE(AA135,"員工代號:","")))-1),2)&REPT("*",MAX(1,LEN(LEFT(TRIM(SUBSTITUTE(AA135,"員工代號:","")),FIND(" ",TRIM(SUBSTITUTE(AA135,"員工代號:","")))-1))-4))&RIGHT(LEFT(TRIM(SUBSTITUTE(AA135,"員工代號:","")),FIND(" ",TRIM(SUBSTITUTE(AA135,"員工代號:","")))-1),2)&" "&IF(LEN(MID(TRIM(SUBSTITUTE(AA135,"員工代號:","")),FIND(" ",TRIM(SUBSTITUTE(AA135,"員工代號:","")))+1,255))<=1,"*",IF(LEN(MID(TRIM(SUBSTITUTE(AA135,"員工代號:","")),FIND(" ",TRIM(SUBSTITUTE(AA135,"員工代號:","")))+1,255))=2,LEFT(MID(TRIM(SUBSTITUTE(AA135,"員工代號:","")),FIND(" ",TRIM(SUBSTITUTE(AA135,"員工代號:","")))+1,255),1)&"*",LEFT(MID(TRIM(SUBSTITUTE(AA135,"員工代號:","")),FIND(" ",TRIM(SUBSTITUTE(AA135,"員工代號:","")))+1,255),1)&REPT("*",LEN(MID(TRIM(SUBSTITUTE(AA135,"員工代號:","")),FIND(" ",TRIM(SUBSTITUTE(AA135,"員工代號:","")))+1,255))-2)&RIGHT(MID(TRIM(SUBSTITUTE(AA135,"員工代號:","")),FIND(" ",TRIM(SUBSTITUTE(AA135,"員工代號:","")))+1,255),1)))) | C135: 46176 | D135: 三 | E135: 07:34 | F135: 17:24 | G135: 0.31527778 | H135: 0.725 | I135: 0.725 | J135: 0.40972222 | K135: 1 | L135: 2026-06 | AA135: 員工代號:87942 小龍女
A136: 135 | B136: =IF(AA136="","",IF(ISNUMBER(SEARCH("員工代號:",AA136)),"員工代號:","")&LEFT(LEFT(TRIM(SUBSTITUTE(AA136,"員工代號:","")),FIND(" ",TRIM(SUBSTITUTE(AA136,"員工代號:","")))-1),2)&REPT("*",MAX(1,LEN(LEFT(TRIM(SUBSTITUTE(AA136,"員工代號:","")),FIND(" ",TRIM(SUBSTITUTE(AA136,"員工代號:","")))-1))-4))&RIGHT(LEFT(TRIM(SUBSTITUTE(AA136,"員工代號:","")),FIND(" ",TRIM(SUBSTITUTE(AA136,"員工代號:","")))-1),2)&" "&IF(LEN(MID(TRIM(SUBSTITUTE(AA136,"員工代號:","")),FIND(" ",TRIM(SUBSTITUTE(AA136,"員工代號:","")))+1,255))<=1,"*",IF(LEN(MID(TRIM(SUBSTITUTE(AA136,"員工代號:","")),FIND(" ",TRIM(SUBSTITUTE(AA136,"員工代號:","")))+1,255))=2,LEFT(MID(TRIM(SUBSTITUTE(AA136,"員工代號:","")),FIND(" ",TRIM(SUBSTITUTE(AA136,"員工代號:","")))+1,255),1)&"*",LEFT(MID(TRIM(SUBSTITUTE(AA136,"員工代號:","")),FIND(" ",TRIM(SUBSTITUTE(AA136,"員工代號:","")))+1,255),1)&REPT("*",LEN(MID(TRIM(SUBSTITUTE(AA136,"員工代號:","")),FIND(" ",TRIM(SUBSTITUTE(AA136,"員工代號:","")))+1,255))-2)&RIGHT(MID(TRIM(SUBSTITUTE(AA136,"員工代號:","")),FIND(" ",TRIM(SUBSTITUTE(AA136,"員工代號:","")))+1,255),1)))) | C136: 46177 | D136: 四 | L136: 2026-06 | AA136: 員工代號:87942 小龍女
...
